"Relative.compactness","Surface.area","Wall.area","Roof.area","Overall.height","orientation","Glazing.area","Glazing.area.distr","Load","Energy.efficiency"
"1",0.982927644089219,530.489958197702,306.484592534036,112.002682831833,7,"North",0.0160949041518306,"0",34.2639433358612,"C"
"2",0.983547330087548,519.872380266259,299.776324409437,110.048027928411,7,"East",-0.00938681250451556,"0",34.5897508111098,"C"
"3",0.979453483426595,516.191220908627,303.374358083894,106.408431412367,7,"South",-0.000697493657664189,"0",38.7780479339526,"C"
"4",0.977732514132686,518.924088674563,292.812212716577,113.055937978993,7,"West",9.55443396401516e-06,"0",37.9478079518837,"C"
"5",0.903029437279202,552.968919619448,316.236102308657,118.366408655395,7,"North",-0.00659232594178714,"0",47.6758589255445,"D"
"6",0.890910220161481,558.603690772735,314.916242440758,121.843724165988,7,"East",-0.0161214520211075,"0",41.9084653824342,"D"
"7",0.903150492755342,559.749136076823,320.944671338585,119.402232369119,7,"South",-0.00247776282542158,"0",40.3435934276193,"D"
"8",0.898619079473874,568.617081344781,322.671007920403,122.973036712189,7,"West",-0.00259480044894114,"0",44.1454850404492,"D"
"9",0.858579201280283,591.923273847673,298.629324077298,146.646974885187,7,"North",0.00904138670788281,"0",46.8438311145318,"D"
"10",0.855403389987629,596.268542926628,298.715775760676,148.776383582976,7,"East",-0.00954055098393845,"0",46.9854366508582,"C"
"11",0.85941876096824,576.575420837425,291.199627724298,142.687896556563,7,"South",-0.002450551429354,"0",47.7801781557897,"C"
"12",0.869086560218521,594.138108176632,297.438496421448,148.349805877592,7,"West",-0.00246843313805936,"0",46.6212312507526,"D"
"13",0.82185313932129,618.665025395131,319.599127101678,149.532949146726,7,"North",0.00461919268840523,"0",31.2923615416205,"C"
"14",0.822601082287775,608.910364456008,313.473813053625,147.718275701191,7,"East",-0.00744230444352698,"0",41.5665766223606,"C"
"15",0.816247340027488,618.525658695182,320.365505817942,149.08007643862,7,"South",-0.0050316866840698,"0",37.6899884586301,"C"
"16",0.824084499197603,617.116401899701,320.84695784565,148.134722027026,7,"West",0.00850671276732819,"0",34.65948730624,"C"
"17",0.785568212393784,634.386393589507,343.323130387986,145.531631600761,7,"North",-0.016193600265553,"0",63.8467502994472,"F"
"18",0.788342112050287,636.256348187492,348.024077207685,144.116135489904,7,"East",0.00151788149557843,"0",62.0827300656641,"E"
"19",0.795603563258348,630.785398485208,341.130852900438,144.827272792385,7,"South",-0.00221021283759817,"0",63.4780383526588,"E"
"20",0.791493618496336,637.659321079641,347.680542520403,144.989389279619,7,"West",0.0052917823817669,"0",69.6481669114902,"F"
"21",0.763898109622777,664.008868545205,420.72494294472,121.641962800242,7,"North",-0.0240091229362287,"0",52.0099819343355,"D"
"22",0.767278925412384,667.03544449098,421.963290796286,122.536076847347,7,"East",0.00709130574717,"0",56.6510971289936,"D"
"23",0.756778357853844,661.976506244188,419.646222991691,121.165141626248,7,"South",0.00413429437302669,"0",52.1164314117362,"D"
"24",0.752234312973852,670.559045871745,421.686172891396,124.436436490174,7,"West",0.0020874854491843,"0",51.7743752481773,"D"
"25",0.732011452416518,695.917297050712,249.353085346119,223.282105852297,3.5,"North",0.00622615094964549,"0",18.2645496603253,"A"
"26",0.749025487594054,682.086364289422,241.862958074594,220.111703107414,3.5,"East",-0.00243076632483999,"0",11.7309366061581,"A"
"27",0.737591763181527,686.22201405752,247.178644939079,219.52168455922,3.5,"South",-0.00765326297189236,"0",23.2474944223221,"A"
"28",0.743101899006492,685.100820598592,246.197034706213,219.451892946189,3.5,"West",0.00167958868004068,"0",22.1556932086893,"A"
"29",0.713060617463254,702.075421945287,263.219398099214,219.428011923036,3.5,"North",0.0069707946167818,"0",16.5067696572081,"A"
"30",0.709188445115409,707.074267593245,270.617849417388,218.228209087929,3.5,"East",0.00328495696214666,"0",11.174499882463,"A"
"31",0.714059365892769,708.551396882522,272.02294934486,218.264223768831,3.5,"South",-0.000547396064415493,"0",20.3685402617729,"A"
"32",0.720984167731738,716.091809860983,280.085073049159,218.003368405912,3.5,"West",-0.0090351136526584,"0",22.3180209638456,"A"
"33",0.700245951687031,727.255422201109,289.912539427034,218.671441387038,3.5,"North",0.00553154734452345,"0",19.1898676140657,"A"
"34",0.698162228197402,736.686392235173,292.753670641578,221.966360796797,3.5,"East",0.00758989874736025,"0",27.6176396183478,"A"
"35",0.69127135596407,744.389930610267,296.31499323934,224.037468685463,3.5,"South",-0.00608703887345086,"0",23.3053925608043,"A"
"36",0.692455941396363,738.414220478556,297.33663192528,220.538794276638,3.5,"West",-0.00391427003611557,"0",23.6171374132946,"A"
"37",0.658379567106314,761.856342196324,320.940849426584,220.45774638487,3.5,"North",-0.00760191426030374,"0",10.2114931504302,"A"
"38",0.651689748780707,764.058422534637,323.882437172137,220.08799268125,3.5,"East",0.00584165140103913,"0",18.2012812515974,"A"
"39",0.668838669254365,761.128352599365,324.246478933936,218.440936832715,3.5,"South",6.64668420054961e-05,"0",20.9078242214061,"A"
"40",0.660129005243239,744.592747039112,310.389383615605,217.101681711754,3.5,"West",-0.0051566141009615,"0",19.4909533952651,"A"
"41",0.645642554167951,786.942921562605,348.631414639997,219.155753461304,3.5,"North",0.00749620294506236,"0",24.912571490002,"A"
"42",0.628098209693015,794.25199541308,345.952137643737,224.149928884671,3.5,"East",0.00172737301002004,"0",24.162082332615,"A"
"43",0.634698672239237,774.190480657478,339.297075154651,217.446702751414,3.5,"South",0.0187296737055582,"0",27.0857368623981,"A"
"44",0.644685702700915,787.708235999769,344.262269589201,221.722983205284,3.5,"West",0.00465581557994054,"0",24.9277321849611,"A"
"45",0.624272258601653,805.730015922439,365.815011305446,219.957502308496,3.5,"North",0.00556537520646695,"0",21.2374529847234,"A"
"46",0.62730364701552,807.903843265316,372.240198012759,217.831822626279,3.5,"East",-0.00458843210320614,"0",23.5289130477253,"A"
"47",0.612934506110554,814.580063388681,364.198248099779,225.190907644451,3.5,"South",-0.000335947140774479,"0",13.7714229118811,"A"
"48",0.622837016267122,816.852616840362,370.915268832752,222.968674003805,3.5,"West",0.00928293785240595,"0",22.9821078235199,"A"
"49",0.982915938267178,520.99218944078,294.391957841016,113.300115799882,7,"North",0.102505956226424,"1",49.5430453825599,"D"
"50",0.973466005832678,519.491275659971,296.666840453278,111.412217603347,7,"East",0.0966846560950288,"1",50.1263814343922,"D"
"51",0.977298069630689,509.433532301599,298.377933163252,105.527799569174,7,"South",0.0940811244160981,"1",53.4574685907864,"D"
"52",0.98973846332366,514.885177428984,294.692553250936,110.096312089024,7,"West",0.0874507005796911,"1",51.4762042524148,"D"
"53",0.900267951351787,573.722645406983,323.200939839355,125.260852783814,7,"North",0.125971467378346,"1",55.8413206101102,"E"
"54",0.901758314202776,560.187344172712,315.181614628456,122.502864772128,7,"East",0.102506390742399,"1",55.4752691534174,"E"
"55",0.89664511730503,557.726184476515,314.287938836787,121.719122819864,7,"South",0.0881853503850407,"1",60.8632355511887,"E"
"56",0.901389768474031,577.049105162425,330.321810283186,123.36364743962,7,"West",0.101062979740325,"1",68.6719343595439,"E"
"57",0.863455856364374,590.355576252447,293.835684527095,148.259945862676,7,"North",0.0946016067019858,"1",58.5934440947434,"E"
"58",0.86411897664353,584.890593199925,297.252149350269,143.819221924828,7,"East",0.0978710543382459,"1",50.2574180153716,"D"
"59",0.870725325102401,586.859484164575,290.508095689058,148.175694237759,7,"South",0.0994702094523064,"1",57.3567056222196,"D"
"60",0.848265280108183,586.995959586001,291.812496940279,147.591731322861,7,"West",0.096231314156289,"1",56.3377849643882,"E"
"61",0.820747959903076,605.622050991116,314.904562914753,145.358744038181,7,"North",0.102448325733337,"1",50.4874005596373,"D"
"62",0.813287342591352,612.522658292952,317.125054079124,147.698802106914,7,"East",0.0998816029929523,"1",40.3158403984799,"D"
"63",0.822766515377519,611.473575527642,322.984588856899,144.244493335371,7,"South",0.0971060357978292,"1",42.3425706500401,"D"
"64",0.827949814213477,605.846232723009,315.301282570422,145.272475076294,7,"West",0.115925066444959,"1",47.9468645854436,"D"
"65",0.787065602028065,639.611312969761,342.619340911146,148.495986029307,7,"North",0.0987862538423924,"1",80.5919401537647,"G"
"66",0.780838113468953,646.471909685908,347.24339540822,149.614257138844,7,"East",0.104996276343813,"1",68.5403922976891,"F"
"67",0.79444069716326,637.733976040098,346.085294315343,145.824340862377,7,"South",0.101591268002027,"1",77.3250457190827,"F"
"68",0.797967442361781,622.523259066546,333.057575363603,144.732841851471,7,"West",0.104371234236693,"1",74.6697095694906,"G"
"69",0.762584273353312,661.531558093725,419.657976361754,120.936790865986,7,"North",0.107759152704113,"1",67.1036588699723,"F"
"70",0.753521641598526,656.112066575902,406.779273180994,124.666396697454,7,"East",0.107401221530396,"1",57.2943821579229,"F"
"71",0.760273077876647,665.726430364939,418.886875119394,123.419777622772,7,"South",0.0864632896057712,"1",71.1421473002033,"F"
"72",0.756076753134042,668.43420031782,425.393649622423,121.520275347699,7,"West",0.100903896913609,"1",70.2135980024348,"F"
"73",0.734753235905219,690.74148737038,249.43946265874,220.65101235582,3.5,"North",0.0796281774805803,"1",22.9228396241269,"A"
"74",0.751652559812024,688.173055215959,239.484179692924,224.344437761518,3.5,"East",0.105923184129621,"1",23.8110030625472,"A"
"75",0.747013526914337,684.997552096719,243.486831471652,220.755360312534,3.5,"South",0.103108907372035,"1",22.8878014233668,"A"
"76",0.744713004253458,694.664666018464,249.168977159353,222.747844429555,3.5,"West",0.111968790725424,"1",14.403418727774,"A"
"77",0.714131291435762,703.358982755376,257.452347522256,222.95331761656,3.5,"North",0.0841334587593432,"1",21.8939059413058,"A"
"78",0.705942297549045,715.912771307726,270.787261918255,222.562754694736,3.5,"East",0.0901115364929518,"1",21.5283399051979,"A"
"79",0.712381241403768,699.903053198888,258.631307817551,220.635872690669,3.5,"South",0.109080242155004,"1",27.6305619643036,"A"
"80",0.715106292037405,706.642998598642,269.630838396566,218.506080101038,3.5,"West",0.0935059990779824,"1",23.4217126142998,"A"
"81",0.69322691537103,727.459066631449,291.130550794584,218.164257918433,3.5,"North",0.095167094107632,"1",21.4662781195459,"A"
"82",0.695215717757757,733.972962988129,295.38536351311,219.293799737509,3.5,"East",0.105372700154625,"1",27.8492642871344,"A"
"83",0.688478154436532,739.232541021897,295.319020111405,221.956760455246,3.5,"South",0.0948533546094035,"1",20.551115136307,"A"
"84",0.702385554584815,736.981213381008,298.447290052508,219.26696166425,3.5,"West",0.105953294900606,"1",21.112143071345,"A"
"85",0.664856103365187,755.79190622795,315.841541890441,219.975182168754,3.5,"North",0.0876280774263243,"1",29.7743235529037,"A"
"86",0.669335495922834,752.990809402702,317.055616282183,217.96759656026,3.5,"East",0.0904951829427662,"1",33.7906072083335,"A"
"87",0.663360212345074,767.5101794007,330.121188608082,218.694495396309,3.5,"South",0.112455910278604,"1",21.3255037520024,"A"
"88",0.658460233095813,764.109714309294,322.525348347077,220.792182981108,3.5,"West",0.0915684546972209,"1",29.1343535482272,"A"
"89",0.642682618583554,785.229990087921,338.876292647866,223.176848720028,3.5,"North",0.0957456651366456,"1",33.4552280789527,"B"
"90",0.644124350326758,789.737531951052,346.070038227386,221.833746861833,3.5,"East",0.0915144165996445,"1",33.0787546324327,"B"
"91",0.635180492604931,781.493396088099,343.03091844798,219.23123882006,3.5,"South",0.100154750284555,"1",41.9112070958685,"B"
"92",0.635724587444501,791.367358955434,345.532316462444,222.917521246495,3.5,"West",0.0992527946934088,"1",32.6248459086432,"B"
"93",0.629434734710128,807.049249691429,362.318621621496,222.365314034966,3.5,"North",0.104736358127183,"1",29.3274268570438,"A"
"94",0.618040903140024,800.869237997689,357.20908514067,221.83007642851,3.5,"East",0.106444838692644,"1",22.2112186678271,"A"
"95",0.61509683525525,801.850086021646,361.581492093353,220.134296964147,3.5,"South",0.109159134789116,"1",27.5395112167949,"A"
"96",0.623436660502785,803.52499779968,364.890626906477,219.317185446601,3.5,"West",0.0916845490073371,"1",22.9787508369257,"A"
"97",0.977474782412395,505.495428527495,288.220118816186,108.637654855655,7,"North",0.0981735138077098,"2",55.3718641448941,"D"
"98",0.990788599082532,522.196547519361,302.536054536207,109.830246491577,7,"East",0.0860803201693936,"2",42.0109712102366,"D"
"99",0.977001012180876,511.082583459985,291.992770763447,109.544906348269,7,"South",0.107082478120201,"2",41.4971238341441,"D"
"100",0.976527266533646,514.557019584961,293.609758793998,110.473630395482,7,"West",0.101889658235794,"2",50.4857735740711,"D"
"101",0.901119627037607,559.59750328027,315.053837901926,122.271832689172,7,"North",0.0978263312442304,"2",58.6907545325706,"E"
"102",0.894218883348796,560.387884263818,314.982987042186,122.702448610816,7,"East",0.100716346264615,"2",58.7057164968724,"E"
"103",0.902112092638935,565.359744418351,319.528348055568,122.915698181392,7,"South",0.101342335557943,"2",57.5137647079988,"E"
"104",0.893376223720755,566.481710286934,320.600875307385,122.940417489774,7,"West",0.101533278922827,"2",67.7185396076664,"E"
"105",0.860705421564301,589.191463214986,299.318574632491,144.936444291248,7,"North",0.0908082305493154,"2",57.9163638773976,"E"
"106",0.857319760007545,583.037860908103,290.361592817718,146.338134045192,7,"East",0.095706977203516,"2",50.7047744348633,"D"
"107",0.858441969577109,591.097768284382,298.368536539492,146.364615872445,7,"South",0.115455431306104,"2",50.282067111636,"D"
"108",0.867780548213006,582.611095825671,287.057878811106,147.776608507283,7,"West",0.108742316326957,"2",48.0170188998895,"E"
"109",0.817759833543528,610.947853020775,320.050158746834,145.448847136971,7,"North",0.101092961418256,"2",56.5858278548908,"D"
"110",0.82160561768747,612.757085584588,319.450271072258,146.653407256165,7,"East",0.110395281516607,"2",47.5840583994845,"D"
"111",0.813849138765599,622.48160261661,317.680976481745,152.400313067432,7,"South",0.0910038104663136,"2",49.5656786737755,"D"
"112",0.813379706539229,622.474095778164,321.06745292247,150.703321427847,7,"West",0.0981150821441103,"2",50.1628810120287,"D"
"113",0.796306211371941,644.696550683911,347.500481454393,148.598034614759,7,"North",0.106969980471082,"2",75.1968454476657,"G"
"114",0.796596158598212,637.563603241965,343.599354808716,146.982124216624,7,"East",0.0887817270828729,"2",73.1229692269242,"F"
"115",0.78959623119316,641.253414406368,347.707637034047,146.772888686161,7,"South",0.114941939865682,"2",74.0136076405293,"F"
"116",0.787474550968643,632.458164180312,345.57744642505,143.440358877631,7,"West",0.0953608667717269,"2",74.2688829718606,"G"
"117",0.759739232033348,658.092582892064,413.72619283128,122.183195030392,7,"North",0.10590367514809,"2",73.7521769247072,"F"
"118",0.763144303125542,669.81295624139,420.361884509362,124.725535866014,7,"East",0.105970020782817,"2",66.9087312537314,"F"
"119",0.770900011987424,672.8919350894,420.217981539011,126.336976775195,7,"South",0.12068220585483,"2",61.7669627146915,"F"
"120",0.759654913467404,652.098227601017,413.551737580741,119.273245010138,7,"West",0.0831064264012426,"2",70.397778445358,"F"
"121",0.747724318010188,690.618578215946,248.131500988056,221.243538613945,3.5,"North",0.107441698742336,"2",21.33942146043,"A"
"122",0.746607260085813,672.924396947633,235.618171286887,218.653112830373,3.5,"East",0.0975823714396645,"2",24.1501385165426,"A"
"123",0.741610757876814,677.482812799312,245.699230516876,215.891791141218,3.5,"South",0.0982846485940545,"2",27.1338967310226,"A"
"124",0.747654775598676,686.094955067667,246.201520869454,219.946717099106,3.5,"West",0.102815469772892,"2",17.9777015674775,"A"
"125",0.707893801533307,708.950757951829,270.099909856387,219.425424047721,3.5,"North",0.106048968257454,"2",29.0961359887365,"A"
"126",0.704205894885909,700.171378897058,259.441446680293,220.364966108382,3.5,"East",0.0981464333763525,"2",22.5384567954837,"A"
"127",0.700773158552893,702.022189214013,267.631698899304,217.195245157354,3.5,"South",0.106036773692078,"2",24.5546147866894,"A"
"128",0.715786626435286,711.086541176502,264.514148310023,223.286196433239,3.5,"West",0.123668594886845,"2",30.9961796586186,"A"
"129",0.679382250594926,727.988944289538,288.344488452843,219.822227918347,3.5,"North",0.0848627248964507,"2",24.2061299555264,"A"
"130",0.684019842409446,734.774742203972,294.076046821149,220.349347691412,3.5,"East",0.0805476191477066,"2",25.8125559494123,"A"
"131",0.698210959953837,734.207278314489,296.018526904255,219.094375705117,3.5,"South",0.0972168067115898,"2",21.9371445969457,"A"
"132",0.69441827416581,737.658511020494,291.293947430258,223.182281795118,3.5,"West",0.113642754209902,"2",29.2964805889977,"A"
"133",0.66262437945518,754.627087909061,314.575695109146,220.025696399957,3.5,"North",0.0953759290770725,"2",30.1794011338387,"A"
"134",0.654076704671846,747.971430442801,305.69973779791,221.135846322445,3.5,"East",0.0881186076690305,"2",29.250347372156,"A"
"135",0.673278941360714,758.174465340576,318.86400391756,219.655230711508,3.5,"South",0.105266175426873,"2",24.6092820219922,"A"
"136",0.654760431448908,758.187427824647,322.251217880332,217.968104972158,3.5,"West",0.104106594214351,"2",29.2082320642759,"A"
"137",0.634944387381905,783.019288699472,342.358755595589,220.330266551941,3.5,"North",0.116298411719069,"2",39.5225296962598,"B"
"138",0.643344608262572,783.550326536254,340.560666374139,221.494830081057,3.5,"East",0.0871118354398523,"2",36.3883915610807,"B"
"139",0.640645886468381,795.242814035365,347.543938957212,223.849437539076,3.5,"South",0.101794110614803,"2",31.5390901408398,"B"
"140",0.637887115664732,778.252162104107,333.737679258282,222.257241422912,3.5,"West",0.109550582240013,"2",43.151877200831,"B"
"141",0.614298679275759,805.888453330258,365.949260470695,219.969596429782,3.5,"North",0.0849229362820401,"2",25.2949794099912,"A"
"142",0.613531423549837,805.454905915032,365.930675380335,219.762115267348,3.5,"East",0.117420369985628,"2",27.3851693982589,"A"
"143",0.617026506154645,808.807422448412,367.617756125683,220.594833161364,3.5,"South",0.0893170582230877,"2",32.6318126312169,"A"
"144",0.612495929598896,810.743990694851,373.417298313586,218.663346190632,3.5,"West",0.106193699651677,"2",28.6801936548864,"A"
"145",0.980079278465328,508.742901642957,291.235833759964,108.753533941496,7,"North",0.103642808216888,"3",52.8745282721057,"D"
"146",0.982700847838461,523.752694424872,296.985201438416,113.383746493228,7,"East",0.111296601014248,"3",47.9477037533644,"D"
"147",0.972263540164771,515.197353766453,297.4048469147,108.896253425876,7,"South",0.0977657226506822,"3",54.3429922956653,"D"
"148",0.984248264649642,507.998219962417,294.059805241085,106.969207360666,7,"West",0.0982077607076001,"3",48.7048862058066,"D"
"149",0.904480065921662,560.290482267108,317.465962183279,121.412260041914,7,"North",0.117414706373746,"3",61.5613275948306,"E"
"150",0.900693454984049,570.396350358615,322.194245235279,124.101052561668,7,"East",0.103130627735927,"3",64.4360481556084,"E"
"151",0.891903358388169,560.592877106384,318.37139181152,121.110742647432,7,"South",0.108635631356536,"3",51.2531086707007,"E"
"152",0.902741989615072,549.643280929942,309.51636154997,120.063459689986,7,"West",0.10243776037768,"3",56.9390873391016,"E"
"153",0.860976410769056,577.031380308242,284.921946044156,146.054717132043,7,"North",0.105505558016995,"3",53.849658210389,"E"
"154",0.855967510026183,591.581422550733,292.71127315986,149.435074695437,7,"East",0.104168223188321,"3",52.5229911104114,"E"
"155",0.859456878823964,592.598226294828,293.69636380654,149.450931244144,7,"South",0.0920045856640476,"3",52.5941315759619,"D"
"156",0.858745266880738,590.829418182108,298.959368640719,145.935024770695,7,"West",0.0871658853056434,"3",53.7119825238839,"D"
"157",0.828496733342666,601.253544084862,313.657795117361,143.79787448375,7,"North",0.10670415071275,"3",52.2348731834291,"D"
"158",0.818278506018675,603.161589401084,320.403602893344,141.37899325387,7,"East",0.0961157672809778,"3",45.8183601558408,"D"
"159",0.820338860307021,614.061594217414,319.567548703542,147.247022756936,7,"South",0.0992468772163711,"3",50.6621645648649,"D"
"160",0.81674715136573,607.03341070024,313.657467340318,146.687971679961,7,"West",0.0961488301890468,"3",49.063998106532,"D"
"161",0.787561807423985,646.555132189093,350.474365493908,148.040383347592,7,"North",0.0856691780428853,"3",71.7456739254935,"G"
"162",0.791515756186288,631.73849292117,341.318900769189,145.209796075991,7,"East",0.10580484936381,"3",63.9462569761616,"G"
"163",0.788790129901854,633.874245619871,334.496860396801,149.688692611535,7,"South",0.0886214899150064,"3",72.848885940925,"F"
"164",0.787591332162491,628.277994160963,335.66161170895,146.308191226007,7,"West",0.097303763313629,"3",71.0282784995248,"F"
"165",0.755040985678716,660.300322270938,415.418256747044,122.441032761947,7,"North",0.0953734229930345,"3",65.4130987658302,"F"
"166",0.758596754305978,672.492566128707,422.258924923333,125.116820602687,7,"East",0.091608693435959,"3",69.338327274657,"F"
"167",0.763165086720901,672.579015461807,419.667402284205,126.455806588801,7,"South",0.116649660638258,"3",68.415172887002,"F"
"168",0.753800908284461,650.861985271132,415.113451675141,117.874266797995,7,"West",0.108293069644409,"3",67.3320797339481,"F"
"169",0.748821570344972,677.803053076475,236.283260925905,220.759896075285,3.5,"North",0.0986013865141831,"3",17.8585414056813,"A"
"170",0.739881600559235,670.882889276766,239.907235798803,215.487826738982,3.5,"East",0.0954440518153427,"3",25.6050354461346,"A"
"171",0.740999602419137,681.767094837176,243.452593709391,219.157250563892,3.5,"South",0.103730737132917,"3",29.352811972159,"A"
"172",0.7467359638882,682.450971576679,242.429972295317,220.010499640681,3.5,"West",0.0962141831662437,"3",24.8183623988782,"A"
"173",0.710180367438998,703.525729720056,265.79266902989,218.866530345083,3.5,"North",0.112822944180763,"3",22.866881070669,"A"
"174",0.714122905652834,713.421969185266,270.456082660506,221.48294326238,3.5,"East",0.109195456253338,"3",19.67540400116,"A"
"175",0.70148664074197,704.215904287864,263.665081878065,220.2754112049,3.5,"South",0.109865423337862,"3",21.8512426975064,"A"
"176",0.712404750776338,703.275011537243,261.369294208576,220.952858664333,3.5,"West",0.0968406977175861,"3",20.6991682619157,"A"
"177",0.702417750446631,727.741500384049,289.115513816318,219.312993283865,3.5,"North",0.0976445796154189,"3",30.3758026193821,"A"
"178",0.692006824937528,731.723721941056,290.556894073906,220.583413933575,3.5,"East",0.0928001088150257,"3",23.7377447084344,"A"
"179",0.691075885853735,733.062682170739,296.039004436644,218.511838867047,3.5,"South",0.0756707920168237,"3",30.938275053369,"A"
"180",0.680921438235486,724.499133800714,288.392974430048,218.053079685333,3.5,"West",0.0956146188356863,"3",22.9961683272135,"A"
"181",0.655441302878836,757.144272923985,310.685329099957,223.229471912014,3.5,"North",0.108315431950194,"3",21.3089141899871,"A"
"182",0.659754776545732,758.534506345034,319.673307183892,219.430599580571,3.5,"East",0.098988383507537,"3",24.3232587950788,"A"
"183",0.657973062616591,751.851515181517,308.581197351024,221.635158915247,3.5,"South",0.0982005432609141,"3",24.659481333935,"A"
"184",0.665651908989234,771.329852882502,323.390162340678,223.969845270912,3.5,"West",0.0963967181342617,"3",25.5344309242925,"A"
"185",0.644077323675363,778.542661156045,341.370265968862,218.586197593591,3.5,"North",0.0933183984720054,"3",31.8777089758365,"B"
"186",0.640382087595241,785.012632578164,341.865933523208,221.573349527478,3.5,"East",0.0963816658835273,"3",32.4663259564051,"B"
"187",0.647268736756249,789.011822148845,345.111651652103,221.950085248371,3.5,"South",0.102398280593164,"3",37.6654968913123,"B"
"188",0.641870605417181,783.276926707195,342.032373232757,220.622276737219,3.5,"West",0.0930522073496282,"3",36.7974049817375,"B"
"189",0.619145479721237,807.162765781436,366.144915553869,220.508925113784,3.5,"North",0.108141343965112,"3",24.2663461797458,"A"
"190",0.617488935940747,809.129399372791,366.175288072691,221.47705565005,3.5,"East",0.0957267589531936,"3",22.4111281312136,"A"
"191",0.622717610539703,808.003301985474,364.733058918321,221.635121533576,3.5,"South",0.0958756861820762,"3",36.0798732153942,"A"
"192",0.617474069985742,806.040053128855,365.316460273155,220.36179642785,3.5,"West",0.100545934977959,"3",24.1121429267971,"A"
"193",0.98393397894701,515.874098260109,295.625433201432,110.124332529339,7,"North",0.0963149847370522,"4",53.232595070149,"D"
"194",0.981504747008042,513.371060373779,290.089274548095,111.640892912842,7,"East",0.10934492245147,"4",56.3110467977143,"D"
"195",0.986551119533737,510.433120860947,296.605159803528,106.91398052871,7,"South",0.0906648562342251,"4",50.4720509727976,"D"
"196",0.983992168851361,527.179291048981,303.439302596667,111.869994226157,7,"West",0.104028611576713,"4",47.350482680119,"D"
"197",0.904254302188072,572.957613156464,326.415890397767,123.270861379349,7,"North",0.0908803151982269,"4",61.3146565020093,"E"
"198",0.897782160159527,560.07302157762,317.840862425452,121.116079576084,7,"East",0.106037754774172,"4",56.4892707068028,"E"
"199",0.897766126061952,553.835902426767,310.609616716477,121.613142855145,7,"South",0.10213847006364,"4",60.446377860305,"E"
"200",0.900066525208881,565.191897453871,314.65134550738,125.270275973245,7,"West",0.0861932553923713,"4",58.9794616785253,"E"
"201",0.852819271468865,585.844867538231,288.553492000139,148.645687769046,7,"North",0.0920052075632483,"4",60.9913848765946,"D"
"202",0.856853701763686,586.686028809978,290.312348497044,148.186840156467,7,"East",0.105170759479722,"4",60.043270866289,"E"
"203",0.861217608828127,590.825473908966,298.510754357284,146.157359775841,7,"South",0.100359742049207,"4",55.1170555224734,"E"
"204",0.86529181116673,586.187857657381,292.252964917749,146.967446369816,7,"West",0.0962079088730725,"4",53.1447046570578,"D"
"205",0.824156744089575,619.844891358852,321.449649983671,149.19762068759,7,"North",0.0942504313949094,"4",52.8301215377176,"D"
"206",0.820526059079762,616.83516418645,317.710958074679,149.562103055886,7,"East",0.107409260959774,"4",49.57519027041,"D"
"207",0.811291434527713,612.39956609491,322.489368463768,144.955098815571,7,"South",0.0887182911362317,"4",52.7379992499196,"D"
"208",0.823226234968826,613.285705654352,323.932809081106,144.676448286623,7,"West",0.0922453290679393,"4",45.5969944728507,"D"
"209",0.79048552112338,634.224302495738,347.174785011698,143.52475874202,7,"North",0.100090746764418,"4",73.8712386996242,"F"
"210",0.789616331527309,637.371206430608,341.51567245756,147.927766986524,7,"East",0.0876545540873554,"4",72.8536596676632,"G"
"211",0.794959753388509,646.393922457494,352.271506756,147.061207850747,7,"South",0.096969704844936,"4",86.1105018888705,"G"
"212",0.785703746193754,645.559303219178,349.491661009888,148.033821104645,7,"West",0.0968221950665743,"4",75.6654246004159,"F"
"213",0.758592101558378,660.551586296235,413.823794509035,123.3638958936,7,"North",0.0837777596491025,"4",66.8874886414925,"F"
"214",0.770331236353454,657.549426417137,412.078343406615,122.735541505261,7,"East",0.088625398811998,"4",67.1248461171232,"F"
"215",0.756942235110917,676.352368403851,425.805165067626,125.273601668113,7,"South",0.0975661937195022,"4",61.5459697324116,"F"
"216",0.761578064123324,665.390253803838,415.147039542748,125.121607130545,7,"West",0.115444914758098,"4",63.291625472718,"F"
"217",0.743301466890724,687.944821074863,247.928204528153,220.008308273355,3.5,"North",0.103060662592316,"4",25.420886040079,"A"
"218",0.731388987964274,684.813660946765,242.114711127423,221.349474909671,3.5,"East",0.103204331045525,"4",17.5634659955255,"A"
"219",0.729326869758257,685.11909024627,243.404925455182,220.857082395544,3.5,"South",0.0927665254803547,"4",18.6375130338368,"A"
"220",0.740344727990685,684.866316681129,243.429874336085,220.718221172522,3.5,"West",0.108731456140551,"4",25.8134071012547,"A"
"221",0.714339108712906,705.822678741455,266.20330679657,219.809685972442,3.5,"North",0.10424416779575,"4",26.3049845926122,"A"
"222",0.698549779102706,699.935464367368,263.384200932559,218.275631717404,3.5,"East",0.112517366715323,"4",22.2741373846318,"A"
"223",0.709249048558958,713.304683862634,270.046020628173,221.62933161723,3.5,"South",0.110644839772278,"4",29.4922992096136,"A"
"224",0.708656091036045,710.159432256282,268.327962999527,220.915734628378,3.5,"West",0.108947924920901,"4",34.4915806837108,"A"
"225",0.698956660205737,734.548379078158,294.809723233878,219.86932792214,3.5,"North",0.0921919501949344,"4",22.124649872935,"A"
"226",0.69336134020849,737.242670051814,289.720480621673,223.761094715071,3.5,"East",0.102123475229846,"4",26.801053904675,"A"
"227",0.688953494318516,726.516000779953,287.931951470373,219.29202465479,3.5,"South",0.104773752337255,"4",20.3530741874301,"A"
"228",0.690060912530622,734.693655289826,293.661392625397,220.516131332214,3.5,"West",0.104236917979133,"4",21.4760602866542,"A"
"229",0.667670584321922,766.927260532255,325.782342681556,220.572458925349,3.5,"North",0.0865239380323936,"4",25.5016955417731,"A"
"230",0.660386459082036,751.414719091479,311.285305213995,220.064706938742,3.5,"East",0.0966625335444493,"4",28.8955816632001,"A"
"231",0.660392187663745,760.28998338047,315.937350530885,222.176316424792,3.5,"South",0.112976518763096,"4",29.7208976869113,"A"
"232",0.656103694647852,768.190287926529,319.719918959627,224.235184483451,3.5,"West",0.0979194054005811,"4",27.1754220810202,"A"
"233",0.640832798343659,786.994878451932,351.387558956444,217.803659747744,3.5,"North",0.107313458553852,"4",33.9686294190216,"B"
"234",0.641326622848874,792.144389510407,343.397370273312,224.373509618547,3.5,"East",0.100028831605152,"4",31.9176778968744,"B"
"235",0.644453903548101,783.357276323231,338.717862516915,222.319706903158,3.5,"South",0.0900758678589305,"4",35.4780326735124,"B"
"236",0.637660558152667,772.624481081402,339.106113564278,216.759183758562,3.5,"West",0.109632176055963,"4",37.0495956513713,"B"
"237",0.623791872784034,807.170818757404,365.595319578715,220.787749589345,3.5,"North",0.107138917837345,"4",30.5434433577889,"A"
"238",0.61679131821115,797.785822892823,358.013208301371,219.886307295726,3.5,"East",0.101169526928532,"4",29.968745187054,"A"
"239",0.623138359116237,814.075474647255,367.141145441561,223.467164602847,3.5,"South",0.102134292724465,"4",33.6950182429713,"A"
"240",0.621241650634115,799.431157246342,362.34567704255,218.542740101896,3.5,"West",0.113847163198548,"4",23.8699653865507,"A"
"241",0.976499620916379,514.396070624638,297.353477382453,108.521296621092,7,"North",0.100683361190868,"5",51.3115318197263,"D"
"242",0.977162992074404,509.234684202179,292.193561225304,108.520561488438,7,"East",0.105018068817202,"5",48.5944377981865,"D"
"243",0.978693030370553,518.587218384901,292.603468219157,112.991875082872,7,"South",0.11509000726107,"5",53.9160548534467,"D"
"244",0.974680574821067,512.021298642723,290.770547965023,110.62537533885,7,"West",0.102078766435466,"5",47.6779171148476,"D"
"245",0.899468156730056,549.824358865092,315.921354535595,116.951502164748,7,"North",0.11133547013685,"5",61.2497365497724,"E"
"246",0.903855518698378,556.699069406205,311.627219335694,122.535925035255,7,"East",0.0948389995670953,"5",56.9078035668931,"E"
"247",0.913737017711244,562.30183620669,323.551889142233,119.374973532229,7,"South",0.0937856604933889,"5",60.3757520244192,"E"
"248",0.899580326214621,568.388407343374,320.768532282295,123.80993753054,7,"West",0.112587757232425,"5",65.9155047713122,"E"
"249",0.862717838171251,598.775280789431,295.374401652225,151.700439568603,7,"North",0.0771976565143566,"5",53.4656054348035,"D"
"250",0.863764306053177,579.400313396055,287.641043875976,145.87963476004,7,"East",0.103039053931984,"5",50.166868469322,"D"
"251",0.855956629361711,593.275934123545,298.867976209591,147.203978956977,7,"South",0.111960486009331,"5",57.2215330274269,"E"
"252",0.865005599236954,595.185375618461,300.403935618485,147.390719999988,7,"West",0.0992589409900915,"5",58.0459513707558,"E"
"253",0.822280262523163,613.401192205633,318.37061726329,147.515287471172,7,"North",0.0954323030217833,"5",48.5927003355065,"D"
"254",0.812828748462845,601.904821412545,309.820181100038,146.042320156253,7,"East",0.0998993856176033,"5",47.2101522569444,"D"
"255",0.81867347591861,608.305407589485,313.77412058141,147.265643504037,7,"South",0.0988351929270153,"5",49.81878622437,"D"
"256",0.823208845818209,608.077456034978,316.194401806363,145.941527114307,7,"West",0.0947585582218149,"5",53.1901021284068,"D"
"257",0.787924894856442,641.568275685801,345.797830686351,147.885222499725,7,"North",0.127570557590825,"5",73.5760775139077,"F"
"258",0.78770212161888,640.794668520024,344.036858488934,148.378905015545,7,"East",0.111366101348318,"5",75.3396081251313,"F"
"259",0.786037529921404,635.94620363166,345.002581348725,145.471811141467,7,"South",0.0989373701898668,"5",73.2532937361821,"G"
"260",0.784207304332623,637.092415636572,342.742951650618,147.174731992977,7,"West",0.12019925062086,"5",78.0285290955215,"G"
"261",0.763554449992242,671.263569602814,420.624723478438,125.319423062188,7,"North",0.111239227259464,"5",64.0792285574211,"F"
"262",0.766338008761191,648.545296935884,408.109662482362,120.217817226761,7,"East",0.0912450153516484,"5",63.6931593437156,"F"
"263",0.759284244721247,650.295133010408,411.883602918663,119.205765045872,7,"South",0.0867643157711298,"5",71.2249481448657,"F"
"264",0.757424855468284,645.708256476449,413.212758326813,116.247749074818,7,"West",0.0975308263482577,"5",69.9588068179624,"F"
"265",0.747414455921541,699.023549730122,253.274708983712,222.874420373205,3.5,"North",0.0821660281850116,"5",23.9838637427509,"A"
"266",0.739187055450369,678.753498169753,239.180354262645,219.786571953554,3.5,"East",0.121839217140388,"5",24.3457729651006,"A"
"267",0.740208545872012,686.453240205739,240.604286327547,222.924476939096,3.5,"South",0.099666978006927,"5",21.4513502767245,"A"
"268",0.742415199480694,684.347254269073,246.123065154434,219.112094557319,3.5,"West",0.105530649314038,"5",24.8799394107268,"A"
"269",0.704099364130361,723.026996172581,276.602749810026,223.212123181277,3.5,"North",0.0877903866127626,"5",28.8808136868627,"A"
"270",0.706682131304286,716.627528789198,272.004603446057,222.31146267157,3.5,"East",0.103716148866656,"5",23.3453144357015,"A"
"271",0.706826750528935,708.157793000826,270.924148009849,218.616822495488,3.5,"South",0.112870210697098,"5",29.5903416857967,"A"
"272",0.70649018484277,704.342788274415,265.897125847031,219.222831213692,3.5,"West",0.0879805889209488,"5",24.5054375230574,"A"
"273",0.692884251894357,741.416254916643,298.48230470981,221.466975103417,3.5,"North",0.0893958953446851,"5",27.6092284337981,"A"
"274",0.679434598146371,730.872653411313,286.837661663569,222.017495873872,3.5,"East",0.10228768356157,"5",19.6075508284823,"A"
"275",0.691304548413374,738.635920581457,295.92996317012,221.352978705668,3.5,"South",0.108297363798252,"5",28.8835657263903,"A"
"276",0.695735635951448,730.890932433096,288.446729247602,221.222101592747,3.5,"West",0.0960673608458475,"5",28.2055327517819,"A"
"277",0.660073968242781,761.142909089155,318.122482810858,221.510213139149,3.5,"North",0.0941228547918598,"5",19.526340830483,"A"
"278",0.65844130378049,755.215716566861,311.563888904333,221.825913831264,3.5,"East",0.114223190517715,"5",28.8263298924354,"A"
"279",0.655219019459479,756.048033364685,319.873568271138,218.087232546773,3.5,"South",0.0951476464540383,"5",28.0511807124086,"A"
"280",0.662367068792704,762.154423869992,321.231559813444,220.461432028274,3.5,"West",0.0822566524892849,"5",24.7448834121009,"A"
"281",0.632430679601614,779.565176741864,340.304526949648,219.630324896108,3.5,"North",0.104211926601643,"5",35.8744532864835,"B"
"282",0.640821404988353,778.929039026776,333.792504026786,222.568267499995,3.5,"East",0.114485536533125,"5",40.0666855707967,"B"
"283",0.635645673907173,780.790637740282,339.048555244955,220.871041247664,3.5,"South",0.104518258008643,"5",32.7382250139037,"B"
"284",0.647966644971583,774.630716919504,337.529659370054,218.550528774725,3.5,"West",0.10461177976182,"5",34.4464399892078,"B"
"285",0.623232987613959,818.074920473962,369.818486835448,224.128216819257,3.5,"North",0.113483900698945,"5",25.6971434370742,"A"
"286",0.621786848425913,803.632848212072,367.58382739196,218.024510410056,3.5,"East",0.104496252980079,"5",26.4448264951199,"A"
"287",0.620511965315998,808.206686706787,371.06857794229,218.569054382248,3.5,"South",0.106652766430324,"5",27.4140758630956,"A"
"288",0.616623665874025,807.036162120564,369.363601986654,218.836280066955,3.5,"West",0.120857669220407,"5",27.6124719857225,"A"
"289",0.984860425118697,522.386905173333,290.842906323567,115.771999424883,7,"North",0.254007159488894,"1",55.4329968696514,"E"
"290",0.983779349646247,513.827939070094,292.274026375335,110.776956347379,7,"East",0.241105875350597,"1",55.3089318965454,"E"
"291",0.977858571884664,510.775385218865,292.831634435784,108.97187539154,7,"South",0.253525481171199,"1",54.5998849239,"E"
"292",0.976430376181424,501.968745339092,281.986450841501,109.991147248795,7,"West",0.238217178911983,"1",55.7606413883412,"E"
"293",0.899048079672164,558.640440051649,314.294921703178,122.172759174235,7,"North",0.243981896613724,"1",73.4584657729245,"F"
"294",0.901999324058581,559.651695711044,315.872112191287,121.889791759879,7,"East",0.257003208689356,"1",68.8159330333975,"F"
"295",0.895110775427479,567.037845139976,323.323380357652,121.857232391162,7,"South",0.2501143728752,"1",64.3365349143455,"F"
"296",0.900918684547745,565.912811460791,324.343438988853,120.784686235969,7,"West",0.262419215603717,"1",68.8857016985305,"F"
"297",0.849248447351281,586.503745273169,294.187628177041,146.158058548064,7,"North",0.257175320126268,"1",58.9501495219403,"E"
"298",0.856885167371271,578.353693596733,288.702748081321,144.825472757706,7,"East",0.249856946209806,"1",57.6917740379514,"E"
"299",0.856172803421149,591.528317996753,292.98400570618,149.272156145287,7,"South",0.248534982917635,"1",58.5934251061458,"E"
"300",0.86232154709392,586.759101797711,292.697387489207,147.030857154252,7,"West",0.249370470278516,"1",64.7266336506061,"E"
"301",0.822611410842624,601.685261238324,310.982035793041,145.351612722641,7,"North",0.246475026574526,"1",57.3992549726384,"E"
"302",0.820048968799662,610.048979862311,312.542267591254,148.753356135528,7,"East",0.24972075098566,"1",54.5467026177334,"E"
"303",0.817797369018985,623.360280122947,330.78537082824,146.287454647354,7,"South",0.262682605361002,"1",64.1944723049087,"D"
"304",0.825997447672507,610.464009120197,311.392974169062,149.535517475568,7,"West",0.247773734144017,"1",52.9901722078465,"E"
"305",0.789412657553418,631.661929773334,337.146644048779,147.257642862278,7,"North",0.267359391451761,"1",80.6977994288742,"G"
"306",0.790191048936903,638.797606345695,346.063644200555,146.36698107257,7,"East",0.246540033301153,"1",80.7305897443592,"G"
"307",0.795974028161856,633.471908754719,345.520364563157,143.975772095781,7,"South",0.246231156948296,"1",72.5484371095074,"G"
"308",0.791719791760515,643.500760349472,342.831979867538,150.334390240967,7,"West",0.264278234355938,"1",87.6968718824409,"G"
"309",0.758354635127675,660.330118721007,421.838942055833,119.245588332587,7,"North",0.235518184659606,"1",78.7982405375359,"F"
"310",0.768354289584295,656.207377712512,411.078178321232,122.56459969564,7,"East",0.233518573581166,"1",75.0141212786583,"F"
"311",0.755409708985906,663.094109457547,419.328777611376,121.882665923085,7,"South",0.260475451969127,"1",75.1909688027634,"F"
"312",0.759560963356813,653.531439879118,415.119545949312,119.205946964903,7,"West",0.240299517457248,"1",72.5337382029108,"F"
"313",0.746601468599174,678.57254764954,240.871455620563,218.850546014489,3.5,"North",0.245375043584225,"1",26.0416745127828,"A"
"314",0.748653930652491,687.524045878411,247.451102682598,220.036471597907,3.5,"East",0.251720392050896,"1",29.8072944739857,"A"
"315",0.750812980389384,675.730159297666,240.367340694526,217.68140930157,3.5,"South",0.232713928552316,"1",30.6027931978996,"A"
"316",0.738421337603337,692.054941930748,253.012749457131,219.521096236809,3.5,"West",0.249183585737362,"1",27.5390871890203,"A"
"317",0.707124519478816,708.684120664462,265.195544899869,221.744287882296,3.5,"North",0.241501503164291,"1",31.4694553666513,"A"
"318",0.702968217822011,706.88545228061,267.672433669336,219.606509305637,3.5,"East",0.265362757914873,"1",30.4667106153127,"A"
"319",0.721339299267793,709.20583777365,269.468340396149,219.86874868875,3.5,"South",0.257150842868276,"1",28.6647773846674,"A"
"320",0.706145730355147,695.511914215913,257.597346115382,218.957284050265,3.5,"West",0.239161031493791,"1",26.1993334503752,"A"
"321",0.691901578484972,739.961418168114,301.604098169368,219.178659999373,3.5,"North",0.252973929215923,"1",35.2443075979564,"A"
"322",0.693025683863775,732.541347920701,290.900489401408,220.820429259646,3.5,"East",0.256191002117529,"1",21.1336792783913,"A"
"323",0.695098370684088,729.54859559667,291.579855479321,218.984370058674,3.5,"South",0.238396634532263,"1",24.4528946370896,"A"
"324",0.692374715220741,735.913119905694,289.369195167058,223.271962369318,3.5,"West",0.258609012646206,"1",26.5249541524551,"A"
"325",0.649070267799437,759.182563364973,317.07037192641,221.056095719281,3.5,"North",0.233831442746605,"1",29.0073031927734,"A"
"326",0.664665960834876,762.500444335468,326.438976805464,218.030733765002,3.5,"East",0.242943025460768,"1",33.9014777171185,"A"
"327",0.662377177106164,764.250010434559,321.795445113924,221.227282660318,3.5,"South",0.265261912886947,"1",28.0692505541567,"A"
"328",0.661951408000142,769.878965320459,324.531489396137,222.673737962161,3.5,"West",0.249275485416055,"1",26.022344274217,"A"
"329",0.636363359245784,776.974379472285,342.875851789902,217.049263841192,3.5,"North",0.255449061648914,"1",36.7020798467012,"C"
"330",0.644932779740383,779.156016873975,338.477063240574,220.339476816701,3.5,"East",0.263247703323434,"1",45.2157747211044,"C"
"331",0.64711991799335,782.708261996042,340.765650930548,220.971305532747,3.5,"South",0.243125935200991,"1",38.6896519997873,"C"
"332",0.642423652556002,787.021495073262,343.625428102204,221.698033485529,3.5,"West",0.255902283338848,"1",37.5374067086289,"C"
"333",0.621746182229672,821.762203869766,373.240456783277,224.260873543244,3.5,"North",0.240654696479097,"1",31.8251636068098,"B"
"334",0.624300621248081,812.296806081053,369.775068646643,221.260868717205,3.5,"East",0.246340442017237,"1",32.4008260944494,"B"
"335",0.62202305572304,825.950838515234,377.609731921335,224.170553296949,3.5,"South",0.234263551181046,"1",33.6690810319262,"B"
"336",0.621835224606998,801.730471639043,364.023648145093,218.853411746975,3.5,"West",0.250791389536913,"1",31.7435672929461,"B"
"337",0.97240400475246,517.11720003667,302.01982670313,107.54868666677,7,"North",0.245933547472525,"2",64.5870211503275,"E"
"338",0.987749016659893,517.702305336598,300.758536678649,108.471884328974,7,"East",0.246004178332621,"2",61.5084139900913,"E"
"339",0.982499405328338,516.05668313668,296.197572987857,109.929555074411,7,"South",0.244185716994447,"2",67.2855418936299,"E"
"340",0.982304364257662,522.069880646971,301.858108507653,110.105886069659,7,"West",0.24234124981314,"2",57.5773764542071,"E"
"341",0.910383549666387,552.000563892195,309.793733815874,121.10341503816,7,"North",0.239259896978771,"2",74.7210093313884,"F"
"342",0.898461747172085,558.780461934534,311.079925994842,123.850267969846,7,"East",0.248476838122851,"2",58.9763141711448,"F"
"343",0.904761854425891,564.704351635215,315.723837241939,124.490257196638,7,"South",0.259734604273725,"2",60.8969117408174,"F"
"344",0.9026639414653,556.067936523836,311.706975346089,122.180480588874,7,"West",0.237655162426877,"2",72.6829448954064,"F"
"345",0.859522261458123,584.200492067152,293.586714377713,145.306888844719,7,"North",0.254879302821304,"2",58.2068486894993,"E"
"346",0.859289683107839,573.935691149847,292.208819405237,140.863435872305,7,"East",0.241898609972026,"2",58.4522302163321,"E"
"347",0.854084871445108,580.325234606525,287.554408714436,146.385412946044,7,"South",0.245311102878828,"2",57.9177481710705,"E"
"348",0.862726592047672,589.441356460884,298.83341593907,145.303970260907,7,"West",0.25928153384851,"2",62.6120564984281,"E"
"349",0.807090722787096,614.334710565588,316.397720500973,148.968495032308,7,"North",0.256227004278216,"2",53.3602717765416,"D"
"350",0.82389450015268,619.366592842127,322.391073723524,148.487759559302,7,"East",0.246505485863992,"2",50.3375828210046,"D"
"351",0.821464701513519,615.495349413158,321.386364854703,147.054492279228,7,"South",0.240023431801895,"2",50.085690652937,"D"
"352",0.819566460473258,608.569244365633,316.516391545723,146.026426409955,7,"West",0.240358170322354,"2",53.1892287557626,"D"
"353",0.782668202522699,629.787216017894,335.212647992138,147.287284012878,7,"North",0.265595856980975,"2",76.6008666508385,"G"
"354",0.784584102756321,635.302232289028,340.257960431611,147.522135928709,7,"East",0.242620823633252,"2",79.5088285614522,"G"
"355",0.795288686835633,633.086339735238,344.086300911763,144.500019411737,7,"South",0.255635579344475,"2",76.4482504524664,"G"
"356",0.788198395997218,635.355885329676,347.566174847534,143.894855241071,7,"West",0.266352377204045,"2",82.7714793284218,"G"
"357",0.761752968825077,666.763388349896,424.261074231769,121.251157059064,7,"North",0.236111905681916,"2",73.1143689000942,"F"
"358",0.760141288280967,670.331542508217,422.84065326598,123.745444621118,7,"East",0.265485972555244,"2",67.9247623187149,"F"
"359",0.762365241305118,665.590455334362,420.302007622686,122.644223855838,7,"South",0.252067235282476,"2",78.2500110265051,"F"
"360",0.75540422636164,665.880337913093,419.795902100959,123.042217906067,7,"West",0.249388875785311,"2",75.5212851273081,"F"
"361",0.738120882818302,694.266875931504,248.269948262071,222.998463834717,3.5,"North",0.22664121708773,"2",25.9477895268553,"A"
"362",0.730935831178439,689.972829875959,252.779881573986,218.596474150986,3.5,"East",0.251022333050557,"2",22.65413445581,"A"
"363",0.741443001055525,691.820894596586,247.083054334241,222.368920131172,3.5,"South",0.245736307815831,"2",26.8132422146513,"A"
"364",0.739051887093614,690.958234334204,245.140266969174,222.908983682515,3.5,"West",0.244362483093031,"2",32.6050559463839,"A"
"365",0.710089301066057,700.857220116195,257.669957136393,221.593631489901,3.5,"North",0.248935273615862,"2",25.7837075964292,"A"
"366",0.713252151212131,715.195507119816,272.230222453436,221.48264233319,3.5,"East",0.248294114428525,"2",27.2054044092717,"A"
"367",0.711551274927106,710.284058177923,269.064614279345,220.609721949289,3.5,"South",0.254149053366414,"2",27.1929402446378,"A"
"368",0.718341785844619,716.183199782565,271.344460612459,222.419369585053,3.5,"West",0.254880301314823,"2",30.5767777162527,"A"
"369",0.693363072668055,728.500148181589,286.797803103168,220.85117253921,3.5,"North",0.238339708490666,"2",22.91506995196,"A"
"370",0.688612410059869,744.505128077984,298.741711092171,222.881708492907,3.5,"East",0.244953944222219,"2",30.3722437288285,"A"
"371",0.689269868040236,721.176152145818,285.887655319002,217.644248413408,3.5,"South",0.234591852384893,"2",33.5015399665189,"A"
"372",0.69850715915838,716.046440336162,286.889795304382,214.57832251589,3.5,"West",0.250743268417952,"2",23.356325720724,"A"
"373",0.662356789402855,747.152335486418,307.502201900667,219.825066792876,3.5,"North",0.263601785280755,"2",27.8737180161553,"A"
"374",0.662908500392868,767.830273982393,319.011212748673,224.40953061686,3.5,"East",0.254682994451856,"2",28.2576983089227,"A"
"375",0.663330103480052,754.345691535717,309.995278739604,222.175206398056,3.5,"South",0.252388297071281,"2",28.0997370263433,"A"
"376",0.656105488874205,765.20870834321,326.837840274883,219.185434034163,3.5,"West",0.244067534319095,"2",30.8234838179761,"A"
"377",0.645816624239127,791.151003837512,346.256639092677,222.447182372418,3.5,"North",0.262828726695085,"2",40.8019464180785,"C"
"378",0.630177279023998,793.71557744485,350.666235222338,221.524671111256,3.5,"East",0.250239336339801,"2",38.5742971986054,"C"
"379",0.6438458533413,791.463082296339,342.964479573868,224.249301361236,3.5,"South",0.25580780672052,"2",39.8066107144268,"C"
"380",0.651298859967051,787.932677859117,343.322185256207,222.305246301455,3.5,"West",0.250219823702704,"2",35.4422262863525,"C"
"381",0.617613638543085,814.644973747237,374.626102093279,220.009435826979,3.5,"North",0.264937055038821,"2",30.8044832642492,"A"
"382",0.61948709745602,809.85997256346,372.979883276748,218.440044643356,3.5,"East",0.233293734729153,"2",34.6881110108761,"B"
"383",0.621843480880782,808.547423066862,366.880822410063,220.8333003284,3.5,"South",0.24559723952209,"2",27.431405476543,"A"
"384",0.617322835030087,808.717832314511,364.4885810254,222.114625644555,3.5,"West",0.253677414651165,"2",29.4227779817009,"A"
"385",0.982533009706576,516.832507349662,288.519302268855,114.156602540404,7,"North",0.247821817557076,"3",53.7981373326676,"E"
"386",0.979247214512051,515.483536071919,292.443514650598,111.520010710661,7,"East",0.243836455753559,"3",59.9818690651195,"E"
"387",0.984521217781007,515.50308664774,294.875694479055,110.313696084343,7,"South",0.238273386522632,"3",59.3571236658767,"E"
"388",0.991210180687336,515.646808412415,296.65404960022,109.496379406098,7,"West",0.241120841129312,"3",52.3229557014796,"E"
"389",0.894024385546902,567.945439332203,323.032054031716,122.456692650244,7,"North",0.252942672711022,"3",65.7334026460718,"F"
"390",0.897907387169543,564.206524481941,318.733765644628,122.736379418656,7,"East",0.262475161075409,"3",67.7104398726424,"F"
"391",0.903991256973495,565.774000875088,319.423974640967,123.17501311706,7,"South",0.251925998191874,"3",67.6257693829431,"F"
"392",0.90249086081696,568.157733850357,315.974940833855,126.091396508251,7,"West",0.262874929606639,"3",70.0538549677359,"E"
"393",0.860597801116856,597.787990628169,299.453661101959,149.167164763105,7,"North",0.239207108362472,"3",59.6490472631778,"E"
"394",0.858163986403777,581.859090588303,293.072508873609,144.393290857347,7,"East",0.248591671212778,"3",66.8828076793454,"E"
"395",0.861311655424074,582.717952576365,291.642892356144,145.537530110111,7,"South",0.264482201098816,"3",55.1049455924348,"E"
"396",0.861313520624122,588.464371437008,297.165609350755,145.649381043126,7,"West",0.241380559827359,"3",58.7405771589952,"E"
"397",0.823203694389966,611.977241761413,317.139377747881,147.418932006766,7,"North",0.260507628541356,"3",51.7611304403869,"D"
"398",0.82153544915386,619.996511713313,322.46419398797,148.766158862672,7,"East",0.249282026731073,"3",52.8267766348077,"D"
"399",0.819834352996116,617.954699771742,323.758401025345,147.098149373198,7,"South",0.251167366208467,"3",49.1520295047568,"D"
"400",0.813126247365872,620.716374946668,320.837954962577,149.939209992045,7,"West",0.259778665082203,"3",48.6153318148761,"D"
"401",0.793139825565631,649.980992606881,350.888788880761,149.54610186306,7,"North",0.23968457988855,"3",91.746610952925,"G"
"402",0.790010719754659,638.237714057137,348.962895996674,144.637409030231,7,"East",0.271991293253165,"3",81.280078616319,"G"
"403",0.791421888613554,635.630857747671,346.43904345011,144.59590714878,7,"South",0.235515886732359,"3",76.1674239874157,"G"
"404",0.784991104568905,642.284752258539,340.297171617132,150.993790320703,7,"West",0.254552557946154,"3",67.9362282820411,"G"
"405",0.75691389035683,664.279171409005,419.964512810268,122.157329299369,7,"North",0.260947425133729,"3",67.2343400804127,"F"
"406",0.764140971197314,648.431928928669,405.529797746556,121.451065591056,7,"East",0.243840936838494,"3",64.7324327299307,"F"
"407",0.759575906771628,662.322246980176,411.729764247451,125.296241366362,7,"South",0.248116854741319,"3",78.7826178202843,"F"
"408",0.757826400415319,663.391774147047,415.799081616813,123.796346265117,7,"West",0.255945577595755,"3",77.2245948735992,"F"
"409",0.733975823554496,683.179829648677,246.835751402494,218.172039123091,3.5,"North",0.251449102582038,"3",24.0195260679316,"A"
"410",0.7348965656004,683.888081889476,245.279290312757,219.304395788359,3.5,"East",0.241332834956789,"3",25.632213160877,"A"
"411",0.735143853985196,691.847925430693,254.269434301606,218.789245564543,3.5,"South",0.259001427953487,"3",33.5518695540938,"A"
"412",0.739195433189116,692.762835184753,251.167444886832,220.797695148961,3.5,"West",0.26525563392632,"3",27.2978125410027,"A"
"413",0.716023435174065,703.997912361143,261.832710871819,221.082600744662,3.5,"North",0.243114996879343,"3",27.864302179033,"A"
"414",0.710333731083301,710.342319916599,269.852278039215,220.245020938692,3.5,"East",0.250040675825219,"3",26.4978078107103,"A"
"415",0.705587711581732,716.830270120516,272.623270873334,222.103499623591,3.5,"South",0.259811701348763,"3",31.3403228243974,"A"
"416",0.709900401310098,708.120224112835,268.380088948306,219.870067582264,3.5,"West",0.255978883559835,"3",30.7193783344225,"A"
"417",0.691640082400119,727.034577125991,295.755853230349,215.639361947821,3.5,"North",0.243661790568495,"3",26.9691325662112,"A"
"418",0.685346856916533,730.153497553764,294.611022288387,217.771237632688,3.5,"East",0.24620572972239,"3",25.1419331892004,"A"
"419",0.684342925159454,727.052205804595,284.982212902638,221.034996450979,3.5,"South",0.235922669300452,"3",28.6240576081777,"A"
"420",0.695431151944993,732.892615051442,299.007477005247,216.942569023098,3.5,"West",0.267226231380022,"3",29.3629508258089,"A"
"421",0.662571210511115,763.851075677698,324.496099164156,219.677488256771,3.5,"North",0.257068146476255,"3",36.8096905626358,"A"
"422",0.661465841903796,762.885419515171,311.369976549781,225.757721482695,3.5,"East",0.237169545252587,"3",29.4425455091267,"A"
"423",0.657186725847693,759.310254277986,312.729075131651,223.290589573168,3.5,"South",0.250824746937831,"3",21.5386352717014,"A"
"424",0.661035713618815,757.486549094592,319.479396914794,219.003576089899,3.5,"West",0.261664307812983,"3",30.7147538049358,"A"
"425",0.646140387287036,788.307543512953,345.44516550675,221.431189003102,3.5,"North",0.24504440400278,"3",34.1714798299606,"C"
"426",0.637849937153479,789.175518585433,342.849247222505,223.163135681464,3.5,"East",0.244285737557875,"3",33.8459029578275,"C"
"427",0.646659541758636,786.367274433317,343.810903414943,221.278185509187,3.5,"South",0.238391748782975,"3",38.2847512923102,"C"
"428",0.636183664219637,788.115655023819,343.532497439976,222.291578791921,3.5,"West",0.238574400842597,"3",33.492014189044,"C"
"429",0.626161594157803,808.121771323113,361.615165665649,223.253302828732,3.5,"North",0.244214790613569,"3",27.8986015680603,"A"
"430",0.62304529331463,808.116232686946,372.172147135427,217.97204277576,3.5,"East",0.260405885500363,"3",27.1939204224392,"A"
"431",0.615887299580627,810.035945137818,369.609873151382,220.213035993218,3.5,"South",0.241417833547574,"3",26.2701640243058,"A"
"432",0.619761758217637,801.653344628086,364.98490502624,218.334219800923,3.5,"West",0.265195301167936,"3",35.2069041936273,"A"
"433",0.980853390053494,516.117944858647,292.660591460661,111.728676698993,7,"North",0.254947779849854,"4",63.6038169884224,"E"
"434",0.97387464336949,520.146410960102,298.686440065341,110.72998544738,7,"East",0.245454822838811,"4",58.5481944701136,"E"
"435",0.981936664421038,510.303356464047,294.170117892715,108.066619285666,7,"South",0.240643563388742,"4",50.1590867534777,"E"
"436",0.982453338884869,509.904721929344,295.215794318887,107.344463805229,7,"West",0.240893511517019,"4",59.158668677759,"E"
"437",0.911195630420605,566.091676795419,324.218442621949,120.936617086735,7,"North",0.239752619881667,"4",66.9551141279146,"E"
"438",0.904461061544812,564.443110433982,322.637029659193,120.903040387395,7,"East",0.256685470585839,"4",66.7088538190621,"F"
"439",0.903994662918665,562.366450264615,320.240290937709,121.063079663453,7,"South",0.254909793673245,"4",68.9821419019681,"F"
"440",0.909677213844401,560.589570941726,316.593985779857,121.997792580935,7,"West",0.254197344298951,"4",62.7771926244825,"F"
"441",0.86197124949816,598.412846547204,300.806407184018,148.803219681593,7,"North",0.246995206431481,"4",54.326865112922,"E"
"442",0.863162607471858,581.423582455419,289.57229122512,145.925645615149,7,"East",0.238942976216455,"4",63.2706852437073,"E"
"443",0.860512955512399,595.002686669157,295.944920069751,149.528883299703,7,"South",0.232760503517664,"4",68.3129921336653,"E"
"444",0.865051054991128,591.410235943362,296.059525450123,147.67535524662,7,"West",0.24777129151151,"4",57.3172958312859,"E"
"445",0.826073391926328,615.830567392782,322.049567356432,146.890500018175,7,"North",0.265735154767595,"4",52.2724703616964,"D"
"446",0.82250435329154,607.596485566549,311.923530971222,147.836477297663,7,"East",0.252170987145249,"4",49.9790482205889,"D"
"447",0.815452660245401,601.114456254794,310.815332205457,145.149562024669,7,"South",0.257283349744365,"4",60.5258230352246,"D"
"448",0.809013957440091,607.102009604231,315.269987206113,145.916011199059,7,"West",0.250409918516189,"4",51.3953589291186,"D"
"449",0.792192726610853,631.814163981541,338.156785062468,146.828689459537,7,"North",0.252706557752125,"4",81.2650168894511,"G"
"450",0.784852925848296,631.689937584748,337.77152617088,146.959205706934,7,"East",0.239677204513835,"4",85.8083827552607,"G"
"451",0.793565390519673,634.101314447319,342.339705663414,145.880804391953,7,"South",0.262644757449393,"4",79.7694897929952,"G"
"452",0.795141342695598,639.912969856851,343.693623544547,148.109673156152,7,"West",0.248615789234766,"4",77.3574483243862,"G"
"453",0.757146836372907,658.173495908293,408.450978273656,124.861258817319,7,"North",0.240337649171716,"4",81.2628126521745,"F"
"454",0.757829956590799,662.485984765543,421.364957227739,120.560513768902,7,"East",0.251736350762688,"4",77.1135549692997,"F"
"455",0.765026587323841,665.598156473439,421.744415210789,121.926870631325,7,"South",0.249554180025383,"4",73.147087909334,"F"
"456",0.766017724080155,664.323924169695,415.92075289506,124.201585637317,7,"West",0.24208940505842,"4",74.3377692598847,"F"
"457",0.747480913484782,689.868715093769,249.554338187788,220.157188452991,3.5,"North",0.24217220204538,"4",24.4843953415825,"A"
"458",0.739217007838964,698.356723930409,255.309156685028,221.523783622691,3.5,"East",0.24598724577132,"4",22.4486773777552,"A"
"459",0.735319847401361,692.706239295528,248.882842263931,221.911698515799,3.5,"South",0.230124542663541,"4",24.87995286275,"A"
"460",0.741762693230893,690.494028235704,244.067089886364,223.21346917467,3.5,"West",0.254559039641087,"4",32.7671323463618,"A"
"461",0.70356905676723,704.383370216071,266.950507423634,218.716431396218,3.5,"North",0.24965657067506,"4",28.6758024995149,"A"
"462",0.708637385724651,711.474508170642,273.07038410686,219.202062031891,3.5,"East",0.266650308890279,"4",30.8075755480092,"A"
"463",0.710784574184555,705.893830650765,264.323684797305,220.78507292673,3.5,"South",0.237654829991698,"4",25.9234039325344,"A"
"464",0.705590935658825,717.047382499017,278.974245088744,219.036568705136,3.5,"West",0.250119194876682,"4",25.3504237133819,"A"
"465",0.689390510873199,732.852600850585,294.283965296794,219.284317776896,3.5,"North",0.266251543285401,"4",24.5113400836416,"A"
"466",0.685723746636882,730.801262834769,285.496370282858,222.652446275956,3.5,"East",0.233638294331837,"4",25.8088165286631,"A"
"467",0.684971356325016,732.370112331413,293.675815494611,219.347148418401,3.5,"South",0.246199232993697,"4",30.7855543557199,"A"
"468",0.685430238045868,743.860299088576,298.465793634417,222.69725272708,3.5,"West",0.249344968218086,"4",26.7578641121421,"A"
"469",0.649608831703092,763.940944226637,317.311577472986,223.314683376826,3.5,"North",0.252046304067901,"4",24.8252893394335,"A"
"470",0.65929676438185,755.227722806953,314.081098199091,220.573312303931,3.5,"East",0.255258766455195,"4",25.887479455661,"A"
"471",0.666498188249433,765.855102947926,317.159428432763,224.347837257581,3.5,"South",0.257492478366346,"4",30.222620930991,"A"
"472",0.659853156084029,747.354128613277,311.374203634453,217.989962489412,3.5,"West",0.256392182773156,"4",38.4817017417526,"A"
"473",0.628816890811817,780.62539092494,344.413647351208,218.105871786866,3.5,"North",0.232974092840118,"4",34.4295402713045,"C"
"474",0.642725150332324,777.226525155265,342.205102081842,217.510711536712,3.5,"East",0.258979339626146,"4",34.2254280900166,"C"
"475",0.644154210262193,786.146373375593,342.294782112689,221.925795631452,3.5,"South",0.262693099671924,"4",35.7085602684844,"C"
"476",0.637512104284496,783.735598970521,344.931193228239,219.402202871141,3.5,"West",0.255142982286733,"4",37.9019377525387,"C"
"477",0.616994862978719,806.228475087284,365.130726074869,220.548874506207,3.5,"North",0.246609918253856,"4",30.8498232446189,"A"
"478",0.617439010929584,812.689307746778,373.409510474745,219.639898636016,3.5,"East",0.257329515045809,"4",25.3481704765636,"B"
"479",0.619975338101213,800.687736675094,363.268087027634,218.70982482373,3.5,"South",0.24507824379913,"4",40.0480145203641,"A"
"480",0.619514260436454,812.45347052653,366.344518537461,223.054475994534,3.5,"West",0.248108327156597,"4",34.086150231632,"B"
"481",0.979879823013622,506.439334375775,286.290125704781,110.074604335497,7,"North",0.255441565466459,"5",59.470568838712,"E"
"482",0.979363048311928,504.048219103934,293.370467875503,105.338875614216,7,"East",0.242985607948309,"5",61.9802319538993,"E"
"483",0.979340571898185,522.543562382048,298.457693176938,112.042934602555,7,"South",0.252819232753353,"5",54.7397312286477,"E"
"484",0.982268711277296,521.064790378691,297.543484903869,111.760652737411,7,"West",0.253755609114852,"5",62.2096836897071,"E"
"485",0.892968320828207,571.406150908572,325.327423991335,123.039363458619,7,"North",0.238543794359439,"5",61.1451796958808,"F"
"486",0.901054653934767,568.875392919976,319.234705790371,124.820343564803,7,"East",0.263897605467119,"5",63.7184209648257,"E"
"487",0.90376168044744,564.592564082299,318.671882807941,122.960340637179,7,"South",0.245215258625457,"5",67.5457144150233,"F"
"488",0.900691897733699,579.156205324152,325.254522631082,126.950841346535,7,"West",0.244560859754369,"5",72.8696466720536,"F"
"489",0.860798400061832,582.710195590102,292.176077853579,145.267058868262,7,"North",0.252460388152629,"5",57.1349033715733,"E"
"490",0.861142176591152,586.886979780517,289.895170441113,148.495904669702,7,"East",0.250147344472287,"5",58.334072140654,"E"
"491",0.854186081415933,584.480466328685,291.762714451211,146.358875938737,7,"South",0.253265361325128,"5",66.3030777818645,"E"
"492",0.864273292597034,590.276040900023,299.59828320245,145.338878848787,7,"West",0.253916530138577,"5",58.1433079577711,"E"
"493",0.818789520607045,614.52378503742,319.54641521103,147.488684913195,7,"North",0.260153152376061,"5",55.423931219861,"D"
"494",0.809920022888195,610.758995006201,321.418446885091,144.670274060555,7,"East",0.245445094495843,"5",51.4853081190965,"D"
"495",0.818861547533476,608.964604862569,315.069589089751,146.947507886409,7,"South",0.266206395200751,"5",60.6065129387461,"D"
"496",0.821120849163085,602.228672583579,313.407547937039,144.41056232327,7,"West",0.2345491237611,"5",59.3379867131976,"D"
"497",0.786315875391887,632.088098220406,337.326233086738,147.380932566834,7,"North",0.258911314503907,"5",76.9660732687987,"G"
"498",0.785766446297299,636.719977324162,340.708747648382,148.00561483789,7,"East",0.259123215064117,"5",74.0829307475989,"G"
"499",0.789442705698918,644.599573847447,347.336881149517,148.631346348965,7,"South",0.249286863135357,"5",83.8335383408185,"G"
"500",0.788441991718174,635.893419506826,346.535250031609,144.679084737609,7,"West",0.261396959502185,"5",82.5769557106433,"G"
"501",0.752898380707546,664.355189621546,417.600819974496,123.377184823525,7,"North",0.244881983303177,"5",66.8436327609245,"F"
"502",0.747665306765695,661.18510794446,418.086149010083,121.549479467188,7,"East",0.239624066015348,"5",77.4967826379418,"F"
"503",0.762423579177406,650.11732392242,404.956653544045,122.580335189187,7,"South",0.262583105729071,"5",68.6149083537776,"F"
"504",0.755310138446179,661.340910645023,412.679365707562,124.330772468731,7,"West",0.249168173053578,"5",72.334359563879,"F"
"505",0.756653666527852,686.097640595863,243.713923241142,221.19185867736,3.5,"North",0.249660715286237,"5",24.2027428760477,"A"
"506",0.739185272683405,685.269960486748,250.85873498592,217.205612750414,3.5,"East",0.26734172316897,"5",26.375902362432,"A"
"507",0.741102278924004,682.439925363188,241.773203672385,220.333360845401,3.5,"South",0.241646152973107,"5",24.6889159614117,"A"
"508",0.744381054058397,675.632779413372,236.047190721667,219.792794345852,3.5,"West",0.252605853088554,"5",23.0952933350493,"A"
"509",0.699255185240423,708.74480966387,264.101072376593,222.321868643639,3.5,"North",0.242918569047331,"5",20.9865214630162,"A"
"510",0.70883124323618,710.115865489497,273.072244037479,218.521810726009,3.5,"East",0.255318550284846,"5",27.9223389097337,"A"
"511",0.700007535770578,698.921879851673,260.435276330837,219.243301760418,3.5,"South",0.241514938824374,"5",21.9213816589517,"A"
"512",0.70382609800216,718.737264179256,274.740844474496,221.99820985238,3.5,"West",0.247269970610842,"5",31.88782331106,"A"
"513",0.694231518588393,730.222749598399,295.013579335969,217.604585131215,3.5,"North",0.258957244415241,"5",26.6974146163458,"A"
"514",0.689767525909291,733.810314869507,295.406056795056,219.202129037225,3.5,"East",0.252548545578033,"5",24.4735050417285,"A"
"515",0.692018213826298,744.598272639288,299.160290040365,222.718991299462,3.5,"South",0.2605801013087,"5",24.3063202569176,"A"
"516",0.69383727330207,736.223841459582,305.469392768121,215.37722434573,3.5,"West",0.249121365499656,"5",29.3771981679226,"A"
"517",0.664335507509723,755.651513786461,318.203719863062,218.7238969617,3.5,"North",0.243816040823172,"5",31.5587499394625,"A"
"518",0.653727094255025,766.089199439315,320.557006779452,222.766096329932,3.5,"East",0.253745469740259,"5",31.1443694398183,"A"
"519",0.659211010051685,755.625560374271,312.103791601778,221.760884386246,3.5,"South",0.251763558733775,"5",23.9420739734579,"A"
"520",0.657438416101511,755.003252586876,316.367490743334,219.317880921771,3.5,"West",0.229292814277757,"5",26.8502968767992,"A"
"521",0.642065104341998,782.86443353061,347.249787225654,217.807323152478,3.5,"North",0.271011992079968,"5",31.8320360959868,"C"
"522",0.642821281304737,777.13313522246,333.984933938944,221.574100641758,3.5,"East",0.258230361957521,"5",38.3917941853508,"C"
"523",0.643630329760504,780.850575692458,338.152230169182,221.349172761638,3.5,"South",0.245337641096103,"5",32.1982839066841,"C"
"524",0.637924488924209,790.457461800519,351.253393938906,219.602033930806,3.5,"West",0.253761283534063,"5",39.7525056345175,"C"
"525",0.620208076500827,810.731732570521,370.829784617613,219.950973976454,3.5,"North",0.257465390008765,"5",29.8830135768246,"A"
"526",0.621121460252577,811.02531494185,369.305573220459,220.859870860695,3.5,"East",0.266793907791852,"5",27.0633879492507,"A"
"527",0.623932045702073,807.869311433412,365.061006030194,221.404152701609,3.5,"South",0.249694465211794,"5",29.6336963410719,"A"
"528",0.617883185813835,818.361973984226,374.641911288069,221.860031348078,3.5,"West",0.248207708584636,"5",26.4891496912444,"A"
"529",0.978162330217248,507.478446995952,289.478736779648,108.999855108152,7,"North",0.38813962097787,"1",64.3240836933308,"F"
"530",0.971164898470345,506.900441948983,283.53153152242,111.684455213281,7,"East",0.392345441469125,"1",66.1414443793099,"F"
"531",0.979082310620617,517.881917655386,298.608394903737,109.636761375824,7,"South",0.385403607105487,"1",69.158461317945,"F"
"532",0.984174359986391,508.93706612883,284.754885966364,112.091090081233,7,"West",0.393359339728051,"1",70.9427880189357,"F"
"533",0.897063997444189,545.956711414944,310.200531542575,117.878089936185,7,"North",0.397153296197315,"1",79.0071838667876,"G"
"534",0.898205337987069,563.500190022415,317.118198817623,123.190995602396,7,"East",0.404152100156329,"1",75.7446568485331,"F"
"535",0.910570644180397,558.334256564713,314.35783139079,121.988212586961,7,"South",0.389572524841109,"1",74.0930756088531,"F"
"536",0.903227055261927,563.967774205981,315.069645490358,124.449064357812,7,"West",0.400243136182597,"1",76.4559353633031,"G"
"537",0.858438400221848,589.843049252352,292.641961152534,148.600544049909,7,"North",0.394253734630986,"1",76.8055469741523,"F"
"538",0.865927241414296,592.324676358445,300.219052784323,146.052811787061,7,"East",0.401415252910898,"1",64.1906489466144,"E"
"539",0.862768994819721,583.302522319376,293.139892889705,145.081314714835,7,"South",0.381869833691696,"1",59.5828522460104,"E"
"540",0.85973123030641,571.310236601267,281.267627007398,145.021304796934,7,"West",0.404097772995263,"1",65.327476241346,"F"
"541",0.830637315174294,612.391111499594,326.703137498802,142.843987000396,7,"North",0.392563021642574,"1",67.7705614053529,"E"
"542",0.819061467602779,620.623368806601,323.351183803422,148.636092501589,7,"East",0.394561199109788,"1",49.7059592051252,"E"
"543",0.820493789224697,615.867095031544,318.601537333555,148.632778848995,7,"South",0.392202644628744,"1",59.068558209029,"E"
"544",0.829551890746807,595.622378733189,305.243011270254,145.189683731467,7,"West",0.407006341759761,"1",56.9919968417205,"E"
"545",0.798107278578037,644.958109108046,348.589058561011,148.184525273517,7,"North",0.399769275203267,"1",93.5064678417734,"G"
"546",0.800465339974011,635.762777152317,338.904582967849,148.429097092234,7,"East",0.379520008729036,"1",79.6141628745431,"G"
"547",0.786538820360332,651.048917253759,351.522750085667,149.763083584046,7,"South",0.41638562578476,"1",77.1800631882988,"G"
"548",0.778564009445668,639.30417520095,347.249279157473,146.027448021738,7,"West",0.408356927347443,"1",94.842601151443,"G"
"549",0.751721991625648,665.565533899042,419.216685314363,123.17442429234,7,"North",0.398372848620306,"1",77.9234116697515,"G"
"550",0.762847547089576,659.197675757416,416.780177266926,121.208749245245,7,"East",0.406379236051409,"1",77.3021217584546,"G"
"551",0.757643887066789,675.14087499579,424.420248066155,125.360313464817,7,"South",0.411400701115561,"1",81.3839511203407,"G"
"552",0.759833951613129,655.540979627086,409.306827270193,123.117076178447,7,"West",0.385913161545527,"1",81.8854893688246,"G"
"553",0.741886835338803,683.917133756676,241.801406937357,221.057863409659,3.5,"North",0.401232359774555,"1",32.156794523688,"B"
"554",0.745788590003643,687.346995954373,245.433827333546,220.956584310413,3.5,"East",0.383948907448772,"1",34.1395154821496,"B"
"555",0.746993249998133,680.360597767708,247.334055894954,216.513270936377,3.5,"South",0.400045285926351,"1",28.3371408596724,"B"
"556",0.750592519653197,682.085551564032,247.086264118853,217.499643722589,3.5,"West",0.396353099493949,"1",37.9976007939114,"B"
"557",0.70456270065246,710.932935128177,272.53947376052,219.196730683829,3.5,"North",0.402784877404065,"1",24.2799684217454,"B"
"558",0.716080166933168,704.974808101383,270.901049470786,217.036879315299,3.5,"East",0.386265910249437,"1",27.8109074456177,"B"
"559",0.713386126523158,706.401225338825,263.618662146562,221.391281596132,3.5,"South",0.380549630735145,"1",34.4922804052746,"B"
"560",0.706368115461762,709.346604995199,263.028832159443,223.158886417878,3.5,"West",0.416511506765229,"1",31.7854291261333,"B"
"561",0.690564219708343,732.837243667552,292.406296470861,220.215473598345,3.5,"North",0.412129607313041,"1",38.8939305934445,"B"
"562",0.690326067873908,738.694733268256,298.229287855771,220.232722706242,3.5,"East",0.388086795450869,"1",39.7193984137894,"B"
"563",0.686846863944571,734.939961420859,294.295208502174,220.322376459342,3.5,"South",0.397180202025401,"1",40.8816839228112,"B"
"564",0.692594277313831,742.853832881018,295.400265644723,223.726783618148,3.5,"West",0.401421312355165,"1",32.4009015054781,"B"
"565",0.655985277500718,758.203167679205,314.317043938661,221.943061870272,3.5,"North",0.398226786506786,"1",29.6453783292674,"B"
"566",0.656591883993458,766.956773827455,321.767665818086,222.594554004684,3.5,"East",0.409710354668052,"1",40.2181159023023,"B"
"567",0.659814186390733,757.51408682747,313.987295191883,221.763395817794,3.5,"South",0.40524698639117,"1",35.7874385250286,"B"
"568",0.658563628423869,747.485897491609,308.337239927271,219.574328782169,3.5,"West",0.386722143804692,"1",33.2688200630249,"B"
"569",0.63486986416327,788.719910462896,349.714482626808,219.502713918044,3.5,"North",0.394983784664456,"1",40.6689895456502,"C"
"570",0.646991795922996,790.801246017431,342.501976472497,224.149634772467,3.5,"East",0.393989050816299,"1",43.2152393329241,"C"
"571",0.644183451229034,779.735093344319,336.397271088729,221.668911127795,3.5,"South",0.422247209192751,"1",36.3872211777442,"C"
"572",0.638350518680911,787.088933100058,345.45016026302,220.819386418519,3.5,"West",0.40020420989225,"1",42.3715866619863,"C"
"573",0.622674011280655,805.671618294317,366.814948256753,219.428335018782,3.5,"North",0.404491818703125,"1",32.1016365531228,"B"
"574",0.613963734053534,810.19414861639,367.22849187757,221.48282836941,3.5,"East",0.404503261877019,"1",41.7905171211499,"B"
"575",0.623143836575242,798.618654120296,364.276421601171,217.171116259563,3.5,"South",0.388281773408394,"1",32.4568352306483,"B"
"576",0.622880823664021,804.164547484602,367.601958048498,218.281294718052,3.5,"West",0.396378251229035,"1",29.9307799300998,"B"
"577",0.986181119395449,512.628483158604,292.647744909137,109.990369124734,7,"North",0.402986906854852,"2",65.7339223948763,"F"
"578",0.982377698189896,510.170282361688,291.638837851303,109.265722255193,7,"East",0.392056746347498,"2",63.627566275027,"F"
"579",0.972264262558049,501.450033186053,283.31162325348,109.069204966286,7,"South",0.418875074250096,"2",64.9930918677658,"F"
"580",0.980277343989448,512.693797562371,294.486635367363,109.103581097504,7,"West",0.405881878976388,"2",58.8260395676327,"F"
"581",0.903400310454684,567.653900778255,316.603357119539,125.525271829358,7,"North",0.411556792789997,"2",73.31891830144,"F"
"582",0.893248992151034,563.652556960412,320.670964514565,121.490796222924,7,"East",0.391256122236488,"2",71.7205930498744,"F"
"583",0.901225512222437,569.495200818433,317.921678526817,125.786761145808,7,"South",0.40258656813944,"2",74.995000983383,"F"
"584",0.89846325732024,560.883199398069,312.005147658217,124.439025869926,7,"West",0.400584444913812,"2",78.7212927367846,"G"
"585",0.863656822832687,584.538778495041,286.762967534221,148.88790548041,7,"North",0.408225443482316,"2",77.2684393726654,"F"
"586",0.861006909030285,586.720643631926,294.589383503566,146.06563006418,7,"East",0.404567085938208,"2",67.3657634151601,"E"
"587",0.852122685835655,576.234723851979,290.433717309918,142.900503271031,7,"South",0.41096630416196,"2",69.1063997381025,"E"
"588",0.860117693887196,587.397938604004,286.448021117494,150.474958743255,7,"West",0.401622036867079,"2",70.0357063708537,"F"
"589",0.824008205555147,612.163834796437,317.042478056942,147.560678369747,7,"North",0.398217071330198,"2",52.9983961869748,"E"
"590",0.807221863126439,613.436714677143,314.046653927011,149.695030375066,7,"East",0.41998735737878,"2",60.0793598114915,"E"
"591",0.817365446595254,611.074767755298,315.072616219316,148.001075767991,7,"South",0.411834639324616,"2",57.6843667563036,"E"
"592",0.813435705546824,614.858749962908,318.180338552845,148.339205705031,7,"West",0.427021261452068,"2",66.3880061018803,"E"
"593",0.794004306731643,633.988788288376,341.651709797816,146.16853924528,7,"North",0.394549033742495,"2",88.6278586568973,"G"
"594",0.793565503852627,616.785694163722,326.3266231823,145.229535490711,7,"East",0.401066202640332,"2",81.2062876058313,"G"
"595",0.795159574312935,640.94862519471,348.256368812131,146.34612819129,7,"South",0.396249329784665,"2",80.217622005069,"G"
"596",0.798409042489755,646.023252373912,349.455097835569,148.284077269171,7,"West",0.397703873698224,"2",89.5654540275666,"G"
"597",0.75886844802054,665.121918263681,422.69124533523,121.215336464225,7,"North",0.388036289821786,"2",76.7557449700224,"G"
"598",0.759010354840587,649.946119714869,406.991718429052,121.477200642908,7,"East",0.401988016843825,"2",67.1191007801746,"G"
"599",0.765218511261606,656.775544496954,414.286618215425,121.244463140765,7,"South",0.39785792565847,"2",78.191989130608,"G"
"600",0.757791313262025,673.214413520061,422.686323429271,125.264045045395,7,"West",0.401154808736178,"2",77.1505513994586,"G"
"601",0.731816854513402,689.432293625455,244.826856980986,222.302718322234,3.5,"North",0.414809528422087,"2",32.4100768026759,"B"
"602",0.741057812966159,690.209378533526,249.352788537622,220.428294997952,3.5,"East",0.382205560882344,"2",33.9585269609994,"B"
"603",0.737675841357788,675.163757103882,238.208232364678,218.477762369602,3.5,"South",0.386798852953663,"2",36.7529126464363,"B"
"604",0.736688213940219,684.651532139135,246.0750561606,219.288237989268,3.5,"West",0.417846284756718,"2",31.0552890401231,"B"
"605",0.709335232014272,712.957128162382,271.745395943629,220.605866109377,3.5,"North",0.393321993086094,"2",35.5425120751747,"B"
"606",0.703391491452444,717.469304205241,275.522308923264,220.973497640988,3.5,"East",0.391252790043309,"2",35.6113967176632,"B"
"607",0.710383463906716,711.881757162679,275.310883710489,218.285436726095,3.5,"South",0.402739021580308,"2",33.8187508698581,"B"
"608",0.70807504560309,706.697717513566,270.454271684712,218.121722914427,3.5,"West",0.410938186525608,"2",37.0139668380212,"B"
"609",0.694736532222511,728.248958275958,291.204002987387,218.522477644286,3.5,"North",0.398641111660416,"2",30.6057397373713,"B"
"610",0.690108431359724,728.31568313545,288.077489515181,220.119096810134,3.5,"East",0.408968258087425,"2",34.2253082838885,"B"
"611",0.687708529961141,731.59726090995,293.435168435137,219.081046237407,3.5,"South",0.393742183050733,"2",27.9950246170488,"B"
"612",0.691144310723485,730.78258389467,299.14623391806,215.818174988305,3.5,"West",0.417828118180759,"2",25.3958974786483,"B"
"613",0.653017961857541,758.341629522097,315.062053324114,221.639788098991,3.5,"North",0.395537104589369,"2",30.8658894277968,"B"
"614",0.66462147101065,757.862900459874,316.752748456778,220.555076001548,3.5,"East",0.405650683564052,"2",29.0606581525477,"B"
"615",0.660331080205269,767.654653497317,317.761719469952,224.946467013682,3.5,"South",0.386561650137028,"2",30.2197955599829,"B"
"616",0.664014454211098,757.624808039789,320.635168286653,218.494819876568,3.5,"West",0.389880473477979,"2",32.7991793552235,"B"
"617",0.639697373693716,777.295710808593,335.565150452696,220.865280177948,3.5,"North",0.398615230798107,"2",45.0923596022473,"C"
"618",0.640446643095711,789.194979657278,345.793145234976,221.700917211151,3.5,"East",0.413730125784771,"2",43.4966326069413,"C"
"619",0.642006556882382,785.301238607904,341.822801621845,221.739218493029,3.5,"South",0.39898770303732,"2",42.2900595842691,"C"
"620",0.635557196979979,789.334946336963,344.078989807684,222.627978264639,3.5,"West",0.412706017543226,"2",38.5776629683705,"C"
"621",0.627245847127169,801.382338136913,367.141282929654,217.12052760363,3.5,"North",0.379595108611171,"2",35.0262377803528,"B"
"622",0.621027552359297,800.002787664993,359.244093656974,220.379347004009,3.5,"East",0.406701416910498,"2",31.2996725802207,"B"
"623",0.619719400161678,801.91036833,363.833479274019,219.038444527991,3.5,"South",0.399691023463831,"2",33.1993968600687,"B"
"624",0.616800702723284,809.501753917086,367.490568557214,221.005592679936,3.5,"West",0.401668046893236,"2",35.3779900439388,"B"
"625",0.983588904993787,516.970547829391,297.501963769283,109.734292030054,7,"North",0.406630304321856,"3",69.3005565477896,"F"
"626",0.979677498544473,520.069426862793,297.929182680499,111.070122091147,7,"East",0.387297398969717,"3",69.1680290212066,"F"
"627",0.980662147979535,504.017494307322,288.876451555536,107.570521375893,7,"South",0.404674885920125,"3",66.1981448766809,"F"
"628",0.98017357542277,518.089563141855,292.129527046998,112.980018047429,7,"West",0.377475682780721,"3",64.4630291161407,"F"
"629",0.901408263174104,563.417087673488,314.781755196969,124.31766623826,7,"North",0.389196273056807,"3",64.7468597489415,"F"
"630",0.904596391274138,560.980296980386,315.12645856319,122.926919208598,7,"East",0.389107671878793,"3",65.6875217558571,"F"
"631",0.89478638423537,556.474652575758,315.118322894363,120.678164840698,7,"South",0.400884438272053,"3",67.2854453326776,"F"
"632",0.898931886598973,562.630889434616,313.631812484863,124.499538474876,7,"West",0.410448202669599,"3",67.6276193240014,"F"
"633",0.86888973538435,576.574775663887,290.177213029163,143.198781317362,7,"North",0.388942660158768,"3",67.0193797668753,"F"
"634",0.86730470430914,594.877034856417,298.895979755366,147.990527550526,7,"East",0.391645716999481,"3",73.5585211853674,"F"
"635",0.85817724588711,591.671816330518,299.869163090223,145.901326620147,7,"South",0.404742597824153,"3",60.2156877450065,"E"
"636",0.85693419789313,592.243982198554,300.873332077091,145.685325060731,7,"West",0.392835634371071,"3",68.3510065470154,"E"
"637",0.822479533902203,622.290052725643,324.513691748362,148.888180488641,7,"North",0.396556687181199,"3",53.6819315512382,"E"
"638",0.821228192931625,608.96873265962,318.634746835086,145.166992912267,7,"East",0.410963926540774,"3",70.0350627775618,"E"
"639",0.819360475950839,616.590519755448,322.056301512431,147.267109121508,7,"South",0.41501748443647,"3",60.2960932934017,"E"
"640",0.813747802909429,607.512465334,318.042738117654,144.734863608173,7,"West",0.409842923654862,"3",66.1031179710962,"E"
"641",0.798171754806041,635.047501365137,342.415691860491,146.315904752323,7,"North",0.400868085310688,"3",90.7527233755767,"G"
"642",0.79487717882182,627.378690485873,337.371055328994,145.00381757844,7,"East",0.380566963902531,"3",89.0786672856501,"G"
"643",0.795420389688091,645.171649605639,348.699357175546,148.236146215046,7,"South",0.396267866168433,"3",84.7125612813181,"G"
"644",0.788203063642702,635.684608617368,340.702543811551,147.491032402908,7,"West",0.416049394977822,"3",79.5662568179441,"G"
"645",0.754922401634684,660.925456353473,411.896674045773,124.51439115385,7,"North",0.400130377447295,"3",78.363678207289,"G"
"646",0.766677607366031,659.73896908618,414.980346104616,122.379311490782,7,"East",0.405700636186594,"3",83.2528046885558,"G"
"647",0.759222188619712,667.734410768916,417.838426265892,124.947992251512,7,"South",0.399836212929622,"3",79.9541721378652,"G"
"648",0.764633042490891,655.123046484486,410.215194984234,122.453925750126,7,"West",0.407720476626195,"3",75.8206797502792,"G"
"649",0.744446228441344,685.606302256411,252.764966442932,216.420667906739,3.5,"North",0.413439789785592,"3",30.3895587247554,"B"
"650",0.740725584957857,696.937298299031,261.445111055511,217.74609362176,3.5,"East",0.39156328779025,"3",26.3986561871895,"A"
"651",0.735906766869452,691.991011222761,252.153437865229,219.918786678766,3.5,"South",0.397446106140832,"3",31.4446164871805,"B"
"652",0.733815885693979,695.859009125489,252.014666423357,221.922171351066,3.5,"West",0.395358191329587,"3",31.273580127767,"B"
"653",0.721586128228913,716.431994381922,269.603575328193,223.414209526864,3.5,"North",0.388803403332402,"3",30.9809164215763,"B"
"654",0.710253621541169,718.89750332455,275.610449423034,221.643526950758,3.5,"East",0.388947580236883,"3",27.9576646026006,"A"
"655",0.711454177548708,709.77990408363,266.614481833173,221.582711125229,3.5,"South",0.391449558162806,"3",33.9225719425334,"B"
"656",0.700943551300741,720.348361290199,273.627100727718,223.360630281241,3.5,"West",0.400334979012297,"3",29.8242286593194,"A"
"657",0.684274261569094,729.821034286001,295.914186242408,216.953424021797,3.5,"North",0.401946915981697,"3",23.6741160143071,"B"
"658",0.696404364110755,732.218253155552,287.941687101427,222.138283027062,3.5,"East",0.423297710887852,"3",23.1365284305986,"B"
"659",0.683202649894886,735.883877857069,299.581482542185,218.151197657442,3.5,"South",0.387274732898987,"3",34.4075184875432,"B"
"660",0.699424853684862,735.765167774417,289.909940123405,222.927613825506,3.5,"West",0.404267531141293,"3",30.7904584437211,"B"
"661",0.653156992198202,753.441132514793,316.275675759586,218.582728377604,3.5,"North",0.398645982688066,"3",31.1626855241767,"B"
"662",0.66271970205781,764.004678477171,322.723306448838,220.640686014167,3.5,"East",0.392512186109033,"3",36.1457884576654,"B"
"663",0.653809849158013,759.628084176765,323.256295895686,218.185894140539,3.5,"South",0.39116268786511,"3",39.0851176774902,"B"
"664",0.66938566171285,757.313559706186,314.187993514618,221.562783095784,3.5,"West",0.399163662421491,"3",35.3452928020981,"B"
"665",0.632770949640365,785.744971640102,346.061290583093,219.841840528504,3.5,"North",0.394542904995624,"3",38.3833239198249,"C"
"666",0.639233163011831,782.555724558267,342.474897384924,220.040413586671,3.5,"East",0.40436801376123,"3",38.7998080877822,"C"
"667",0.635271556898656,780.261896175764,339.231188682135,220.515353746815,3.5,"South",0.400617021175147,"3",37.8812028606679,"C"
"668",0.641562024970686,769.10791760491,329.14253599474,219.982690805085,3.5,"West",0.398117004323335,"3",40.8016373275555,"C"
"669",0.621373621875092,810.632141596335,367.006782867911,221.812679364212,3.5,"North",0.404799028786743,"3",37.0519407126761,"B"
"670",0.618422788417968,804.533008063451,363.187394081329,220.672806991061,3.5,"East",0.407713441569905,"3",32.282847009376,"B"
"671",0.618078162010062,811.817791490757,367.559572099181,222.129109695788,3.5,"South",0.390322685408311,"3",38.062349014099,"B"
"672",0.612855321339329,811.818914014529,368.639512107923,221.589700953303,3.5,"West",0.393269299784963,"3",32.8769268790328,"B"
"673",0.984817088446182,523.345411062211,297.774340367363,112.785535347424,7,"North",0.402425774788743,"4",72.0053391136724,"F"
"674",0.983068908106721,512.950504361428,295.051104607023,108.949699877203,7,"East",0.393889927209534,"4",65.673146986045,"F"
"675",0.978157227833916,515.749655206886,290.732100823495,112.508777191696,7,"South",0.402396189488875,"4",61.1374944217836,"F"
"676",0.970964776702181,511.312141884385,295.25925449639,108.026443693997,7,"West",0.413528957964446,"4",69.2013028774767,"F"
"677",0.906777192216583,558.012968583156,316.421748210177,120.79561018649,7,"North",0.39409275027613,"4",64.2297165827109,"F"
"678",0.902228400830574,559.759821633164,317.539881805346,121.109969913909,7,"East",0.389985271682506,"4",75.9308880814634,"G"
"679",0.900823973957352,560.699659191104,319.163647055467,120.768006067818,7,"South",0.386655410485567,"4",69.5141727106307,"F"
"680",0.90014988882939,568.048158808145,319.722393797994,124.162882505076,7,"West",0.39246372984024,"4",67.1693316842299,"F"
"681",0.856619435431494,589.987953807555,300.524398245617,144.731777780969,7,"North",0.389644849890625,"4",73.5977615087159,"E"
"682",0.865680248257448,585.566056461372,289.296379672306,148.134838394533,7,"East",0.397743442359468,"4",67.486882692617,"F"
"683",0.870846660637396,592.806628126408,300.6845020937,146.061063016354,7,"South",0.392057431604686,"4",72.3636282259301,"F"
"684",0.854554903551344,598.280955761898,303.179658530829,147.550648615534,7,"West",0.406888363098485,"4",63.4534002250159,"E"
"685",0.814486369512643,609.10917792837,314.980326150107,147.064425889131,7,"North",0.392119360474611,"4",61.2489275579612,"E"
"686",0.826513180868041,613.087253502049,316.051499633961,148.517876934044,7,"East",0.418380357789741,"4",60.8910798450481,"E"
"687",0.806108372448427,609.305084760623,314.188802906309,147.558140927157,7,"South",0.374375800805878,"4",63.8978353077487,"E"
"688",0.821706557803128,614.922918817218,321.892893934433,146.515012441392,7,"West",0.409632686891342,"4",52.5356841683546,"E"
"689",0.78888225106958,630.318880084512,336.156467274118,147.081206405197,7,"North",0.384405335762388,"4",80.3908343487178,"G"
"690",0.789006142024072,639.973862017663,348.539656324331,145.717102846666,7,"East",0.413980834669252,"4",89.6735530421507,"G"
"691",0.798166513398801,629.39959724394,339.241676950742,145.078960146599,7,"South",0.392703749418553,"4",83.2744795564121,"G"
"692",0.780651892434331,636.182306185676,338.69568714782,148.743309518928,7,"West",0.39231057047086,"4",84.2959056848962,"G"
"693",0.758749555765838,661.288148497936,419.250022410626,121.019063043655,7,"North",0.395748429591589,"4",74.5545765458864,"G"
"694",0.753146203330885,657.80289855823,414.01300984344,121.894944357395,7,"East",0.403917843582408,"4",85.3146453598818,"G"
"695",0.767256309218046,658.12389083489,417.954569544134,120.084660645378,7,"South",0.400724904113649,"4",81.401568722283,"G"
"696",0.749310451125534,666.133773918914,425.213214767754,120.46027957558,7,"West",0.387100928688743,"4",82.196612775724,"G"
"697",0.737113694762458,678.434370735978,245.855490204428,216.289440265775,3.5,"North",0.405098921158285,"4",25.6886608485064,"B"
"698",0.741182247257777,699.300795010017,253.331154619353,222.984820195332,3.5,"East",0.392846357331092,"4",34.9877361406796,"B"
"699",0.745499282816841,693.839503784185,246.402569532182,223.718467126002,3.5,"South",0.395944784642539,"4",33.7128493698176,"B"
"700",0.742806413568253,694.223108363434,251.66297552397,221.280066419732,3.5,"West",0.399874788128932,"4",30.7936687463532,"B"
"701",0.721518135027089,708.738651040226,273.54099820623,217.598826416998,3.5,"North",0.411008810375902,"4",37.973500280142,"B"
"702",0.720104479484447,709.230113516857,271.472199989937,218.87895676346,3.5,"East",0.409573757890912,"4",30.6372332583065,"B"
"703",0.709710607406301,710.75926697551,263.517506010796,223.620880482357,3.5,"South",0.394491523176072,"4",34.7236888327115,"B"
"704",0.712210466877822,692.786668445947,264.353532534362,214.216567955793,3.5,"West",0.39538380622375,"4",36.5063653410746,"B"
"705",0.68348334429941,721.40402393465,279.150105078891,221.12695942788,3.5,"North",0.404510864959006,"4",39.7220596272208,"B"
"706",0.689823897858731,728.91689966196,294.743680403369,217.086609629296,3.5,"East",0.387997837043855,"4",31.8647512772641,"B"
"707",0.694621271580643,731.411503652946,292.554241771023,219.428630940962,3.5,"South",0.403588424551105,"4",31.520834754242,"B"
"708",0.688195858334774,738.82678101635,296.087399374095,221.369690821127,3.5,"West",0.389239159368144,"4",31.8178646114918,"B"
"709",0.662335863404082,757.83641325781,318.110244453438,219.863084402186,3.5,"North",0.398367287935886,"4",29.0158727488585,"B"
"710",0.658993815697053,772.332663157931,321.899728958534,225.216467099698,3.5,"East",0.409359626876087,"4",36.9900204626479,"B"
"711",0.659973263284091,757.265071016958,319.254942891302,219.005064062828,3.5,"South",0.393938732351969,"4",34.1613639909366,"B"
"712",0.657334983564875,758.367516209704,314.309296870302,222.029109669701,3.5,"West",0.396863610155731,"4",33.7056732731379,"B"
"713",0.637422924293874,793.735482606914,352.164344460953,220.785569072981,3.5,"North",0.397835661160238,"4",39.7972128820224,"C"
"714",0.639575445453645,775.443332512865,336.951139618795,219.246096447035,3.5,"East",0.394745999312194,"4",44.3141742709679,"C"
"715",0.642179666700206,780.364546802851,344.887009511229,217.738768645811,3.5,"South",0.411393039346346,"4",43.3635091079331,"C"
"716",0.644989771219889,771.580881030025,337.603526098549,216.988677465738,3.5,"West",0.393381149691119,"4",30.3111902340452,"C"
"717",0.614184053696686,800.823843603325,367.565958929154,216.628942337086,3.5,"North",0.413794303990613,"4",35.4482690773494,"B"
"718",0.628404469188675,799.546316500613,367.018679894425,216.263818303094,3.5,"East",0.392192619328197,"4",33.0303755841488,"B"
"719",0.626085602565212,803.92984348135,364.999653107185,219.465095187083,3.5,"South",0.399876713449081,"4",32.0934559124599,"B"
"720",0.619862805865748,811.317583056775,373.100485892229,219.108548582273,3.5,"West",0.389215332410106,"4",29.2103183781693,"B"
"721",0.978542271978514,507.384419461344,290.384961403696,108.499729028824,7,"North",0.416209921089797,"5",60.4920069088314,"F"
"722",0.984863139106368,515.262172535294,294.047951138105,110.607110698595,7,"East",0.397317944762278,"5",70.3777691117041,"F"
"723",0.978801466353474,521.060508853745,290.857059075111,115.101724889317,7,"South",0.379354515103514,"5",69.2904585923614,"F"
"724",0.975491411621595,513.735307689384,291.477782751779,111.128762468802,7,"West",0.419243142535802,"5",66.8849394364242,"F"
"725",0.896844128374387,562.005955016861,318.070109744222,121.967922636319,7,"North",0.416454714741169,"5",68.4204470911536,"F"
"726",0.891870124573829,555.225424476071,317.483577272289,118.870923601891,7,"East",0.404689453552009,"5",73.8013655619321,"F"
"727",0.889252520275371,579.558093800823,333.748431042919,122.904831378952,7,"South",0.401282490498412,"5",75.8925559299721,"F"
"728",0.9105631396175,555.735528601606,313.567145003912,121.084191798847,7,"West",0.389694462905602,"5",77.2611614273988,"F"
"729",0.861345402166268,597.473368882162,299.866652869529,148.803358006316,7,"North",0.403806532495948,"5",60.7384543957508,"E"
"730",0.857402639221953,590.659537693122,295.596198695033,147.531669499044,7,"East",0.402775849136966,"5",62.1654146710313,"E"
"731",0.859921327779455,585.115523437199,291.363351001887,146.876086217656,7,"South",0.409823307974664,"5",68.9877734395619,"F"
"732",0.8592437354044,589.318035920465,295.419309907499,146.949363006483,7,"West",0.405048545037451,"5",68.0138606915069,"F"
"733",0.820441156769068,609.026126827824,317.62688722082,145.699619803502,7,"North",0.391049545716785,"5",59.5854744391138,"E"
"734",0.823894512559599,607.316282246502,315.146916709582,146.08468276846,7,"East",0.406313002088392,"5",57.3914640865976,"E"
"735",0.82193360068793,613.606207047806,321.037128751095,146.284539148356,7,"South",0.398711288174391,"5",64.9190740035576,"E"
"736",0.821739767335096,620.66611328473,324.737171513552,147.964470885589,7,"West",0.392660384813523,"5",61.2990116479795,"E"
"737",0.780502143102786,631.105028696204,336.758622288941,147.173203203632,7,"North",0.392512423473554,"5",82.1848440320829,"G"
"738",0.78971158792006,623.245127270931,333.32640670906,144.959360280936,7,"East",0.389471852405462,"5",80.5416687328512,"G"
"739",0.787643475067694,624.725747631679,339.180687421074,142.772530105303,7,"South",0.402821381046413,"5",87.1145751209716,"G"
"740",0.793173656490827,646.037063051628,350.135443704559,147.950809673534,7,"West",0.404112376143519,"5",84.2184428733451,"G"
"741",0.755196281536544,663.605817707852,415.183315410953,124.211251148449,7,"North",0.395907721311924,"5",78.7544706662013,"G"
"742",0.755975876946857,666.435888310979,419.43062678219,123.502630764395,7,"East",0.406508201618497,"5",87.0488556153963,"G"
"743",0.757520266189168,666.457152054307,421.606610704536,122.425270674886,7,"South",0.396696350668911,"5",83.5756608996352,"G"
"744",0.757907615080357,670.24176405031,425.238658108531,122.50155297089,7,"West",0.398492371255528,"5",86.5842031218118,"G"
"745",0.736725077748661,691.684013297856,250.107018829681,220.788497234088,3.5,"North",0.399453213321349,"5",26.6337860482439,"B"
"746",0.746977432451376,684.536656202661,245.332680065755,219.601988068453,3.5,"East",0.401290069674448,"5",20.4561267765889,"B"
"747",0.755468483141624,686.690018212284,243.451302134289,221.619358038997,3.5,"South",0.419615915051355,"5",28.8644500369461,"B"
"748",0.749504128156184,664.723961161795,234.33812082786,215.192920166967,3.5,"West",0.388723203268325,"5",25.4044407365442,"B"
"749",0.70802340503661,709.080777085398,267.888095424163,220.596340830618,3.5,"North",0.40164379826479,"5",29.9642665266489,"A"
"750",0.707066488137351,718.164451192412,272.026748956093,223.068851118159,3.5,"East",0.399364736842456,"5",27.142223052807,"A"
"751",0.71230882693124,703.515969293425,264.362212970612,219.576878161407,3.5,"South",0.415873871328823,"5",26.3547260436165,"A"
"752",0.71048604669333,716.705668354214,275.304393199758,220.700637577228,3.5,"West",0.400354626293288,"5",27.3459269421204,"A"
"753",0.693380127820801,733.939414481626,297.393390002675,218.273012239476,3.5,"North",0.413392967496051,"5",32.506340563556,"B"
"754",0.686256147293943,732.020842578608,291.125497637746,220.447672470431,3.5,"East",0.401336888036606,"5",32.746441178995,"B"
"755",0.695127762762071,732.100467486472,294.224470923722,218.937998281375,3.5,"South",0.400000254360913,"5",30.8866328522884,"B"
"756",0.686517023072892,742.319536581738,295.64961546797,223.334960556884,3.5,"West",0.398367458998825,"5",28.0943881969896,"B"
"757",0.653614322822335,756.206674662912,316.91635716199,219.645158750461,3.5,"North",0.390695416070331,"5",32.1673413751507,"B"
"758",0.659537881357822,764.251908907836,321.257547438874,221.497180734481,3.5,"East",0.385966747488004,"5",31.7969817748641,"B"
"759",0.669237318060976,757.841912550726,315.799075950475,221.021418300125,3.5,"South",0.404668004252356,"5",32.5656761342304,"B"
"760",0.6553518527219,750.860387045974,319.142088260375,215.8591493928,3.5,"West",0.382980717186094,"5",33.9773721993689,"B"
"761",0.634845999216899,794.154082183859,351.879524307964,221.137278937948,3.5,"North",0.398542128114197,"5",35.2200271972648,"C"
"762",0.633402428226254,786.025051664282,338.640349226415,223.692351218933,3.5,"East",0.397493067444318,"5",31.881271972653,"C"
"763",0.639578971491163,782.12290295857,339.27437380161,221.42426457848,3.5,"South",0.408066975618036,"5",38.157026142133,"C"
"764",0.643869511034987,790.2902620331,348.780889014171,220.754686509465,3.5,"West",0.390399893841753,"5",38.4995860406039,"C"
"765",0.619200263132769,809.375964565561,368.120488262911,220.627738151325,3.5,"North",0.386594402107268,"5",41.7319772005785,"B"
"766",0.624316537711333,813.327317820719,372.006714504123,220.660301658298,3.5,"East",0.392285891714248,"5",26.876595777867,"B"
"767",0.624846854389192,808.717739329876,367.865290178409,220.426224575733,3.5,"South",0.397574092315931,"5",32.6895889592791,"B"
"768",0.62307064520076,806.664478395623,365.116238174662,220.77412011048,3.5,"West",0.404600105757167,"5",29.2269384856443,"B"
